# callgrind format
version: 1
creator: callgrind-3.22.0
pid: 580913
cmd:  ./inference/target/release/bitmamba-inference -m exported_editor/ -i 나는 어제 학교에 갔습니닼. 그런데 선생님이 숙게를 안내줬다. 오늘은 날씨가 좋아서 공원에 가서 산책을 했다.
part: 1


desc: I1 cache: 
desc: D1 cache: 
desc: LL cache: 

desc: Timerange: Basic block 0 - 1677445
desc: Trigger: Program termination

positions: line
events: Ir
summary: 9872701


ob=(8) /usr/lib/x86_64-linux-gnu/openblas-pthread/libopenblasp-r0.3.26.so
fl=(207) ???
fn=(1230) gotoblas_corename
0 64

fn=(1218) support_avx2
0 7
cob=(4) ???
cfi=(175) ???
cfn=(1220) 0x0000000004989880
calls=1 0 
0 634
0 11

fn=(1178) gotoblas_init
0 7
cob=(4)
cfi=(175)
cfn=(1180) 0x0000000004989710
calls=1 0 
0 1625
0 1
cob=(4)
cfi=(175)
cfn=(1198) 0x000000000498c680
calls=1 0 
0 4865
0 1
cob=(4)
cfi=(175)
cfn=(1208) 0x0000000004990c20
calls=1 0 
0 6756
0 10
cob=(4)
cfi=(175)
cfn=(1280) 0x000000000498e860
calls=1 0 
0 7084
0 2
cob=(4)
cfi=(175)
cfn=(1352) 0x000000000498cc40
calls=1 0 
0 258986
0 1

fn=(1366) openblas_thread_timeout
0 3

fn=(1454) blas_memory_alloc
0 651
cob=(4)
cfi=(175)
cfn=(1358) 0x000000000498ec60
calls=31 0 
0 1178
0 217
cob=(4)
cfi=(175)
cfn=(1456) 0x000000000498bd80
calls=31 0 
0 1800
0 62
cob=(4)
cfi=(175)
cfn=(1358)
calls=31 0 
0 1178
0 4991
cob=(4)
cfi=(175)
cfn=(1456)
calls=31 0 
0 868
0 528
cob=(4)
cfi=(175)
cfn=(1208)
calls=1 0 
0 26
0 254
cfn=(1460) 0x000000000039b9f0
calls=31 0 
0 6510
0 341
cob=(4)
cfi=(175)
cfn=(1358)
calls=31 0 
0 1178
0 217
cob=(4)
cfi=(175)
cfn=(1456)
calls=31 0 
0 868
0 64
cob=(4)
cfi=(175)
cfn=(1358)
calls=1 0 
0 38
0 4
cob=(4)
cfi=(175)
cfn=(1456)
calls=1 0 
0 28
0 6

fn=(1188) 0x00000000022cdd50
0 3
cob=(4)
cfi=(175)
cfn=(1190) 0x000000000498c120
calls=1 0 
0 937

fn=(1186) openblas_fork_handler
0 7
cfn=(1188)
calls=1 0 
0 940
0 4

fn=(1172) 0x0000000000148180
0 12

fn=(1274) 0x0000000001626370
0 91

fn=(1212) gotoblas_dynamic_init
0 50
cob=(4)
cfi=(175)
cfn=(1204) 0x000000000498dd20
calls=1 0 
0 403
0 47
cob=(4)
cfi=(175)
cfn=(1226) 0x0000000004990370
calls=1 0 
0 730
0 6
cob=(4)
cfi=(175)
cfn=(1232) 0x000000000498b050
calls=1 0 
0 869
0 7
cob=(4)
cfi=(175)
cfn=(1240) 0x000000000498b510
calls=1 0 
0 1294
0 3
cob=(4)
cfi=(175)
cfn=(1262) 0x000000000498b9e0
calls=1 0 
0 1301
0 2
cfn=(1274)
calls=1 0 
0 91
0 16
cob=(4)
cfi=(175)
cfn=(1214) 0x000000000498fff0
calls=1 0 
0 1270
0 9

fn=(1266) openblas_warning
0 8
cob=(4)
cfi=(175)
cfn=(1268) 0x000000000498d890
calls=1 0 
0 645
0 6

fn=(1272) openblas_verbose
0 3

fn=(1202) openblas_read_env
0 7
cob=(4)
cfi=(175)
cfn=(1204)
calls=1 0 
0 1266
0 7
cob=(4)
cfi=(175)
cfn=(1204)
calls=1 0 
0 403
0 7
cob=(4)
cfi=(175)
cfn=(1204)
calls=1 0 
0 403
0 7
cob=(4)
cfi=(175)
cfn=(1204)
calls=1 0 
0 403
0 4
cob=(4)
cfi=(175)
cfn=(1204)
calls=1 0 
0 469
0 7
cob=(4)
cfi=(175)
cfn=(1204)
calls=1 0 
0 403
0 7
cob=(4)
cfi=(175)
cfn=(1204)
calls=1 0 
0 403
0 11
cob=(4)
cfi=(175)
cfn=(1204)
calls=1 0 
0 403
0 5

fn=(1448) 0x000000000039ca50
0 403
cob=(4)
cfi=(175)
cfn=(1450) 0x0000000004990d00
calls=31 0 
0 21731
0 3544
cob=(4)
cfi=(175)
cfn=(1492) 0x000000000498ec00
calls=793 0 
0 7020
0 3048

fn=(1290) get_num_procs
0 30
cob=(4)
cfi=(175)
cfn=(1322) 0x000000000498edd0
calls=1 0 
0 1098
0 6
cob=(4)
cfi=(175)
cfn=(1292) 0x000000000498b940
calls=1 0 
0 1255
0 6
cob=(4)
cfi=(175)
cfn=(1328) 0x00000000049897d0
calls=1 0 
0 1169
0 2

fn=(1344) openblas_goto_num_threads_env
0 3

fn=(1224) support_avx
0 20

fn=(1350) openblas_omp_num_threads_env
0 3

fn=(1356) blas_thread_init
0 29
cob=(4)
cfi=(175)
cfn=(1358)
calls=1 0 
0 933
0 5
cob=(4)
cfi=(175)
cfn=(1362) 0x000000000498c470
calls=1 0 
0 697
0 446
cob=(4)
cfi=(175)
cfn=(1368) 0x000000000498ed20
calls=31 0 
0 2375
0 93
cob=(4)
cfi=(175)
cfn=(1376) 0x000000000498dcc0
calls=31 0 
0 1423
0 186
cob=(4)
cfi=(175)
cfn=(1382) 0x00000000049902e0
calls=31 0 
0 252062
0 66
cob=(4)
cfi=(175)
cfn=(1456)
calls=1 0 
0 28
0 1

fn=(1284) blas_get_cpu_number
0 12
cob=(4)
cfi=(175)
cfn=(1286) 0x0000000004990f20
calls=1 0 
0 4208
0 2
cob=(4)
cfi=(175)
cfn=(1334) 0x000000000498f0c0
calls=1 0 
0 701
0 4
cob=(4)
cfi=(175)
cfn=(1340) 0x000000000498ea20
calls=1 0 
0 749
0 2
cob=(4)
cfi=(175)
cfn=(1346) 0x0000000004989c50
calls=1 0 
0 717
0 19

fn=(1338) openblas_num_threads_env
0 3

fn=(1460)
0 434
cob=(4)
cfi=(175)
cfn=(1358)
calls=31 0 
0 1178
0 434
cob=(4)
cfi=(175)
cfn=(1456)
calls=31 0 
0 868
0 310
cob=(4)
cfi=(175)
cfn=(1480) 0x0000000004989470
calls=31 0 
0 1251
0 341
cob=(4)
cfi=(175)
cfn=(1464) 0x0000000004990030
calls=31 0 
0 1632
0 62

ob=(4)
fl=(175)
fn=(1204)
0 18
cob=(2) /usr/lib/x86_64-linux-gnu/libc.so.6
cfi=(189) ./stdlib/./stdlib/getenv.c
cfn=(914) getenv
calls=9 24 
0 3675
cob=(1) /usr/lib/x86_64-linux-gnu/ld-linux-x86-64.so.2
cfi=(186) ./elf/../sysdeps/x86_64/dl-trampoline.h
cfn=(892) _dl_runtime_resolve_xsave
calls=1 71 
0 858
0 5

fn=(1280)
0 2
cob=(8)
cfi=(207)
cfn=(1284)
calls=1 0 
0 6414
cob=(1)
cfi=(186)
cfn=(892)
calls=1 71 
0 663
0 5

fn=(1322)
0 2
cob=(2)
cfi=(230) ./posix/../sysdeps/unix/sysv/linux/sched_getaffinity.c
cfn=(1326) sched_getaffinity@@GLIBC_2.3.4
calls=1 34 
0 43
cob=(1)
cfi=(186)
cfn=(892)
calls=1 71 
0 1048
0 5

fn=(560) 0x0000000006d6c720
0 42
cob=(1)
cfi=(11) ./elf/./elf/dl-tunables.c
cfn=(28) __tunable_get_val
calls=21 387 
0 493

fn=(910) 0x0000000006f76590
0 24
cob=(2)
cfi=(189)
cfn=(914)
calls=12 24 
0 5683
cob=(1)
cfi=(186)
cfn=(892)
calls=1 71 
0 856
0 5

fn=(920) 0x0000000006d6c600
0 94
cob=(2)
cfi=(191) ./string/../sysdeps/x86_64/multiarch/strcmp-avx2.S
cfn=(922) __strncmp_avx2
calls=47 206 
0 1427

fn=(976) 0x0000000006f76a90
0 16
cob=(2)
cfi=(193) ./malloc/./malloc/malloc.c
cfn=(980) calloc
calls=8 3699 
0 3677
cob=(1)
cfi=(186)
cfn=(892)
calls=1 71 
0 772
0 5

fn=(1084) 0x0000000006f75820
0 12
cob=(2)
cfi=(193)
cfn=(1064) malloc
calls=6 3294 
0 1119
cob=(1)
cfi=(186)
cfn=(892)
calls=1 71 
0 841
0 5

fn=(1098) 0x0000000006f77070
0 10
cob=(2)
cfi=(206) ./nptl/./nptl/pthread_mutex_unlock.c
cfn=(1102) pthread_mutex_unlock@@GLIBC_2.2.5
calls=5 367 
0 115
cob=(1)
cfi=(186)
cfn=(892)
calls=1 71 
0 944
0 5

fn=(1480)
0 62
cob=(2)
cfi=(261) ./misc/../sysdeps/unix/sysv/linux/x86_64/syscall.S
cfn=(1484) syscall
calls=31 29 
0 372
cob=(1)
cfi=(186)
cfn=(892)
calls=1 71 
0 812
0 5

fn=(1232)
0 2
cob=(2)
cfi=(211) ./string/../sysdeps/x86_64/multiarch/strncpy-avx2.S
cfn=(1238) __strncpy_avx2
calls=1 54 
0 34
cob=(1)
cfi=(186)
cfn=(892)
calls=1 71 
0 828
0 5

fn=(1362)
0 2
cob=(8)
cfi=(207)
cfn=(1366)
calls=1 0 
0 3
cob=(1)
cfi=(186)
cfn=(892)
calls=1 71 
0 687
0 5

fn=(1404) 0x0000000006d6c700
0 62
cob=(1)
cfi=(46) ./elf/../elf/dl-tls.c
cfn=(1406) _dl_allocate_tls
calls=31 626 
0 234205

fn=(1168) 0x0000000004981000
0 7

fn=(1580) 0x0000000006d6c680
0 2
cob=(2)
cfi=(215) ./string/../sysdeps/x86_64/multiarch/strchr-avx2.S
cfn=(1582) __strchr_avx2
calls=1 53 
0 21

fn=(1664) 0x0000000006d6c450
0 2
cob=(2)
cfi=(193)
cfn=(980)
calls=1 3699 
0 257

fn=(1226)
0 2
cob=(8)
cfi=(207)
cfn=(1230)
calls=1 0 
0 64
cob=(1)
cfi=(186)
cfn=(892)
calls=1 71 
0 659
0 5

fn=(1328)
0 2
cob=(2)
cfi=(231) ./posix/./posix/sched_cpucount.c
cfn=(1332) __sched_cpucount
calls=1 35 
0 234
cob=(1)
cfi=(186)
cfn=(892)
calls=1 71 
0 928
0 5

fn=(1352)
0 2
cob=(8)
cfi=(207)
cfn=(1356)
calls=1 0 
0 258344
cob=(1)
cfi=(186)
cfn=(892)
calls=1 71 
0 635
0 5

fn=(1358)
0 252
cob=(2)
cfi=(201) ./nptl/./nptl/pthread_mutex_lock.c
cfn=(1018) pthread_mutex_lock@@GLIBC_2.2.5
calls=126 77 
0 4537
cob=(1)
cfi=(186)
cfn=(892)
calls=1 71 
0 889
0 5

fn=(1214)
0 2
cob=(8)
cfi=(207)
cfn=(1218)
calls=1 0 
0 652
cob=(1)
cfi=(186)
cfn=(892)
calls=1 71 
0 611
0 5

fn=(1180)
0 2
cob=(8)
cfi=(207)
cfn=(1186)
calls=1 0 
0 951
cob=(1)
cfi=(186)
cfn=(892)
calls=1 71 
0 667
0 5

fn=(624) 0x0000000006f73000
0 7

fn=(916) 0x0000000006d6c500
0 490
cob=(2)
cfi=(190) ./string/../sysdeps/x86_64/multiarch/strlen-avx2.S
cfn=(918) __strlen_avx2
calls=245 52 
0 5622

fn=(958) 0x0000000006f75430
0 2
cob=(2)
cfi=(192) ./locale/./locale/newlocale.c
cfn=(962) newlocale
calls=1 43 
0 42
cob=(1)
cfi=(186)
cfn=(892)
calls=1 71 
0 842
0 5

fn=(1056) 0x0000000006f76640
0 6
cob=(2)
cfi=(203) ./string/./string/strdup.c
cfn=(1060) strdup
calls=3 40 
0 738
cob=(1)
cfi=(186)
cfn=(892)
calls=1 71 
0 851
0 5

fn=(1524) 0x0000000006d6c7b0
0 2
cob=(1)
cfi=(48) ./elf/./elf/dl-audit.c
cfn=(1526) _dl_audit_preinit
calls=1 118 
0 5

fn=(1256) 0x0000000006d6c6b0
0 604
cob=(2)
cfi=(205) ./string/../sysdeps/x86_64/multiarch/memmove-vec-unaligned-erms.S
cfn=(1076) __memcpy_avx_unaligned_erms
calls=302 255 
0 4559

fn=(1268)
0 2
cob=(8)
cfi=(207)
cfn=(1272)
calls=1 0 
0 3
cob=(1)
cfi=(186)
cfn=(892)
calls=1 71 
0 635
0 5

fn=(1286)
0 2
cob=(8)
cfi=(207)
cfn=(1290)
calls=1 0 
0 3566
cob=(1)
cfi=(186)
cfn=(892)
calls=1 71 
0 635
0 5

fn=(1310) 0x0000000006d6c480
0 466
cob=(2)
cfi=(225) ./string/../sysdeps/x86_64/multiarch/memchr-avx2.S
cfn=(1312) __memchr_avx2
calls=233 61 
0 7731

fn=(1368)
0 62
cob=(2)
cfi=(232) ./nptl/./nptl/pthread_mutex_init.c
cfn=(1372) pthread_mutex_init@@GLIBC_2.2.5
calls=31 53 
0 1395
cob=(1)
cfi=(186)
cfn=(892)
calls=1 71 
0 913
0 5

fn=(1376)
0 62
cob=(2)
cfi=(234) ./nptl/./nptl/pthread_cond_init.c
cfn=(1380) pthread_cond_init@@GLIBC_2.3.2
calls=31 27 
0 310
cob=(1)
cfi=(186)
cfn=(892)
calls=1 71 
0 1046
0 5

fn=(596) 0x0000000006d6c660
0 2
cob=(2)
cfi=(181) ./string/../sysdeps/x86_64/multiarch/strrchr-avx2.S
cfn=(598) __strrchr_avx2
calls=1 53 
0 29

fn=(1450)
0 62
cob=(8)
cfi=(207)
cfn=(1454)
calls=31 0 
0 21007
cob=(1)
cfi=(186)
cfn=(892)
calls=1 71 
0 657
0 5

fn=(1492)
0 1586
cob=(2)
cfi=(262) ./posix/../sysdeps/unix/syscall-template.S
cfn=(1496) sched_yield
calls=793 120 
0 4572
cob=(1)
cfi=(186)
cfn=(892)
calls=1 71 
0 857
0 5

fn=(1634) 0x0000000006d6c3e0
0 12
cob=(2)
cfi=(193)
cfn=(1636) free
calls=6 3359 
0 510

fn=(1340)
0 2
cob=(8)
cfi=(207)
cfn=(1344)
calls=1 0 
0 3
cob=(1)
cfi=(186)
cfn=(892)
calls=1 71 
0 739
0 5

fn=(886) 0x0000000006f75eb0
0 4
cob=(2)
cfi=(188) ./nptl/./nptl/pthread_key_create.c
cfn=(898) pthread_key_create@@GLIBC_2.34
calls=2 25 
0 45
cob=(1)
cfi=(186)
cfn=(892)
calls=1 71 
0 896
0 5

fn=(1014) 0x0000000006f76e80
0 10
cob=(2)
cfi=(201)
cfn=(1018)
calls=5 77 
0 185
cob=(1)
cfi=(186)
cfn=(892)
calls=1 71 
0 889
0 5

fn=(1208)
0 4
cob=(8)
cfi=(207)
cfn=(1212)
calls=2 0 
0 6098
cob=(1)
cfi=(186)
cfn=(892)
calls=1 71 
0 675
0 5

fn=(1240)
0 2
cob=(2)
cfi=(212) ./debug/./debug/sprintf_chk.c
cfn=(1244) __sprintf_chk
calls=1 25 
0 453
cob=(1)
cfi=(186)
cfn=(892)
calls=1 71 
0 834
0 5

fn=(1292)
0 2
cob=(2)
cfi=(219) ./posix/../sysdeps/unix/sysv/linux/x86/sysconf.c
cfn=(1296) sysconf
calls=1 32 
0 467
cob=(1)
cfi=(186)
cfn=(892)
calls=1 71 
0 781
0 5

fn=(1346)
0 2
cob=(8)
cfi=(207)
cfn=(1350)
calls=1 0 
0 3
cob=(1)
cfi=(186)
cfn=(892)
calls=1 71 
0 707
0 5

fn=(602) 0x0000000006c6b000
0 7

fn=(1004) 0x0000000006d6c740
0 84
cob=(2)
cfi=(200) ./string/../sysdeps/x86_64/multiarch/memset-vec-unaligned-erms.S
cfn=(1006) __memset_avx2_unaligned_erms
calls=42 158 
0 1535

fn=(1190)
0 2
cob=(2)
cfi=(208) ./posix/./posix/register-atfork.c
cfn=(1194) __register_atfork
calls=1 38 
0 53
cob=(1)
cfi=(186)
cfn=(892)
calls=1 71 
0 877
0 5

fn=(1198)
0 2
cob=(8)
cfi=(207)
cfn=(1202)
calls=1 0 
0 4215
cob=(1)
cfi=(186)
cfn=(892)
calls=1 71 
0 643
0 5

fn=(1512) 0x000000000050b8b0
0 7

fn=(582) 0x000000000483d000
0 7

fn=(1038) 0x0000000006f756d0
0 6
cob=(2)
cfi=(202) ./io/../sysdeps/unix/sysv/linux/fstat64.c
cfn=(1042) fstat
calls=3 30 
0 18
cob=(1)
cfi=(186)
cfn=(892)
calls=1 71 
0 807
0 5

fn=(1070) 0x0000000006d6c6f0
0 6
cob=(2)
cfi=(205)
cfn=(1072) __memcpy_chk_avx_unaligned_erms
calls=3 249 
0 66

fn=(1220)
0 2
cob=(8)
cfi=(207)
cfn=(1224)
calls=1 0 
0 20
cob=(1)
cfi=(186)
cfn=(892)
calls=1 71 
0 607
0 5

fn=(1262)
0 2
cob=(8)
cfi=(207)
cfn=(1266)
calls=1 0 
0 659
cob=(1)
cfi=(186)
cfn=(892)
calls=1 71 
0 635
0 5

fn=(1334)
0 2
cob=(8)
cfi=(207)
cfn=(1338)
calls=1 0 
0 3
cob=(1)
cfi=(186)
cfn=(892)
calls=1 71 
0 691
0 5

fn=(1382)
0 62
cob=(2)
cfi=(235) ./nptl/./nptl/pthread_create.c
cfn=(1386) pthread_create@@GLIBC_2.34
calls=31 626 
0 251037
cob=(1)
cfi=(186)
cfn=(892)
calls=1 71 
0 958
0 5

fn=(612) 0x0000000006c31000
0 7

fn=(1062) 0x0000000006d6c3f0
0 12
cob=(2)
cfi=(193)
cfn=(1064)
calls=6 3294 
0 1148

fn=(1250) 0x0000000006d6c590
0 128
cob=(2)
cfi=(215)
cfn=(1252) __strchrnul_avx2
calls=64 53 
0 1216

fn=(1456)
0 252
cob=(2)
cfi=(206)
cfn=(1102)
calls=126 367 
0 3276
cob=(1)
cfi=(186)
cfn=(892)
calls=1 71 
0 927
0 5

fn=(1464)
0 62
cob=(2)
cfi=(242) ./misc/../sysdeps/unix/sysv/linux/mmap64.c
cfn=(1400) mmap
calls=31 47 
0 806
cob=(1)
cfi=(186)
cfn=(892)
calls=1 71 
0 759
0 5

fn=(1606) 0x0000000006d6c410
0 6
cob=(2)
cfi=(193)
cfn=(1608) realloc
calls=3 3407 
0 840

ob=(6) /usr/lib/x86_64-linux-gnu/libgcc_s.so.1
fl=(184) ???
fn=(616) __cpu_indicator_init
0 364

fn=(618) 0x0000000000005b10
0 12

ob=(1)
fl=(177) ./elf/./elf/dl-init.c
fn=(580) call_init.part.0
26 96
+17 8
+3 8
-3 16
+3 16
+5 14
+8 21
+1 30
cob=(4)
cfi=(175)
cfn=(1168)
calls=1 -60 
* 7
cob=(4)
cfi=(175)
cfn=(624)
calls=1 -60 
* 7
cob=(4)
cfi=(175)
cfn=(612)
calls=1 -60 
* 7
cob=(4)
cfi=(175)
cfn=(602)
calls=1 -60 
* 7
cob=(4)
cfi=(175)
cfn=(582)
calls=1 -60 
* 7
+3 7
+1 14
+6 12
+2 12
-2 6
+3 43
+1 28
cob=(8)
cfi=(207)
cfn=(1178)
calls=1 -74 
* 279338
cob=(7) /usr/lib/x86_64-linux-gnu/libgfortran.so.5.0.0
cfi=(185) ???
cfn=(1166) 0x00000000000213d0
calls=1 -74 
* 33
cob=(7)
cfi=(185)
cfn=(900) 0x00000000000213a0
calls=1 -74 
* 19706
cob=(7)
cfi=(185)
cfn=(884) 0x0000000000021380
calls=1 -74 
* 925
cob=(7)
cfi=(185)
cfn=(878) 0x0000000000022810
calls=1 -74 
* 12
cob=(6)
cfi=(184)
cfn=(618)
calls=1 -74 
* 12
cob=(2)
cfi=(182) ./libio/./libio/vtables.c
cfn=(600) check_stdfiles_vtables
calls=1 545 
* 12
* 24
cob=(8)
cfi=(207)
cfn=(1172)
calls=1 -74 
* 12
cob=(7)
cfi=(185)
cfn=(628) 0x00000000000213f0
calls=1 -74 
* 370
cob=(6)
cfi=(184)
cfn=(616)
calls=1 -74 
* 364
cob=(3) /usr/lib/x86_64-linux-gnu/libm.so.6
cfi=(183) ???
cfn=(606) 0x00000000000104e0
calls=1 -74 
* 12
cob=(2)
cfi=(179) ./csu/./csu/init-first.c
cfn=(592) _init_first
calls=1 -28 
* 79
cob=(5) /usr/libexec/valgrind/vgpreload_core-amd64-linux.so
cfi=(178) ???
cfn=(586) 0x0000000000001110
calls=1 -74 
* 12
-1 39
+3 64
-29 2

fn=(578) _dl_init
81 13
+1 1
+1 1
+3 3
+8 2
+25 1
+1 8
+1 16
-92 16
+6 24
+2 37
+83 14
cfn=(580)
calls=7 -94 
* 301305
* 14
+7 8
-98 2
+60 2
-54 3
+2 7
cfn=(580)
calls=1 -11 
* 77
* 2

fl=(77) ./elf/../sysdeps/x86_64/dl-cet.c
fn=(574) _dl_cet_setup_features
331 1
+3 2
+16 1

fn=(264) _dl_cet_check
361 8
-76 1
-10 2
+2 2
-1 1
+6 1
+3 1
+8 1
-11 1
+1 1
-1 1
+1 1
-1 1
+1 1
+10 4
+70 6

fl=(57) ./misc/../sysdeps/unix/sysv/linux/mmap64.c
fn=(178) mmap
47 32
+3 64
-3 192
+6 64
+5 192
+2 128
-7 62

fl=(55) ./io/../sysdeps/unix/sysv/linux/fstat64.c
fn=(174) fstat
30 7
+9 28
+33 7

fl=(36) ./elf/./elf/dl-load.c
fn=(172) _dl_map_object_from_fd
944 60
+15 6
-15 12
+15 6
-15 12
+15 12
+77 24
+10 12
+7 42
cfi=(26) ./elf/./elf/dl-object.c
cfn=(72) _dl_new_object
calls=6 59 
* 2317
* 6
+1 12
+11 6
+5 6
-4 6
-1 6
+2 6
+2 6
-2 6
+2 12
+1 18
+1 10
+19 10
-2 5
+2 52
-2 1
+2 64
+10 6
-10 6
+10 18
+27 6
-33 6
-3 6
+2 6
-1 6
+35 6
+9 6
-50 6
+41 6
+9 6
-36 6
+63 30
-62 244
+26 175
+8 50
+1 25
-1 25
+1 100
+1 25
-1 25
+1 25
+2 25
-2 25
+2 25
+2 25
-4 25
+1 25
+3 25
-4 25
+4 125
+2 50
+13 50
+1 95
+5 19
+1 171
-28 38
-35 57
+62 6
+1 54
-28 12
-35 144
+1 372
1213 6
1100 6
1213 12
1100 18
1218 42
+10 18
+1 6
-1 6
+1 6
-1 18
+1 19
-1 19
+1 19
-1 57
1066 12
1235 12
+10 24
+7 24
fi=(59) ./elf/./dl-map-segments.h
28 6
fe=(36)
1252 18
fi=(59)
28 12
+1 40
cfi=(57)
cfn=(178)
calls=5 +18 
* 140
+73 10
-1 5
-72 5
+73 5
+3 12
+1 6
+2 6
-3 6
+1 6
+2 6
+7 7
+3 4
cfi=(70) ./misc/../sysdeps/unix/syscall-template.S
cfn=(226) mprotect
calls=1 -1 
* 6
* 2
+7 6
-44 6
fi=(60) ./elf/./dl-load.h
+10 50
fi=(59)
+58 100
+6 6
+2 6
-2 6
+1 6
+2 12
-1 12
+3 12
+5 12
+3 18
+8 36
cfi=(43) ./string/../sysdeps/x86_64/multiarch/../multiarch/memset-vec-unaligned-erms.S
cfn=(126) memset
calls=6 -44 
* 812
* 6
+6 12
+12 25
-59 150
+2 76
+2 152
cfi=(57)
cfn=(178)
calls=19 -92 
* 399
* 38
fe=(36)
1264 6
fi=(56) ./elf/../sysdeps/posix/dl-fileid.h
37 12
cfi=(55)
cfn=(174)
calls=6 -7 
* 36
* 12
fe=(36)
989 12
fi=(56)
40 18
fe=(36)
989 6
fi=(56)
40 6
fe=(36)
989 105
+1 54
fi=(56)
49 84
fe=(36)
1519 54
1074 13
+1 2
-1 1
+1 1
-1 1
+1 1
cfi=(71) ./io/../sysdeps/unix/sysv/linux/pread64_nocancel.c
cfn=(230) __pread64_nocancel
calls=1 25 
* 7
* 2
+46 2
+1 1
-15 12
+7 6
+2 6
-2 6
+1 6
+1 6
-1 12
+1 48
+60 12
+5 4
-1 8
+5 4
-5 8
-66 4
+71 16
+1 4
+3 4
-3 4
+8 16
+15 12
+1 6
1008 12
1268 24
+1 18
fi=(61) ./elf/./elf/get-dynamic-info.h
39 12
+6 6
-2 6
+11 6
+1 6
-10 12
+8 6
+15 6
-23 24
+23 159
-23 636
+4 330
+3 42
-1 84
+3 144
+1 120
+1 30
+16 24
+12 20
+1 24
+1 24
+1 24
+1 20
+1 23
+1 23
+1 24
+12 6
+7 6
-7 42
+7 13
+5 10
+7 10
+1 18
+6 18
+1 6
+17 18
+5 4
+2 4
+2 4
+2 4
+4 18
+2 9
+1 6
+9 6
+6 6
+4 12
fe=(36)
1275 12
+1 12
+2 12
+10 18
+19 18
+2 36
+52 18
+1 8
+6 54
+1 122
+6 24
cfn=(188) _dl_process_pt_gnu_property
calls=6 868 
* 436
-7 152
+1 73
+6 73
-6 146
fi=(30) ./elf/../sysdeps/x86/dl-prop.h
149 24
fe=(36)
1380 12
cfi=(62) ./io/../sysdeps/unix/sysv/linux/close_nocancel.c
cfn=(194) __GI___close_nocancel
calls=6 25 
* 36
* 12
+13 12
+2 24
+2 12
+16 12
cfi=(8) ./elf/./elf/dl-setup_hash.c
cfn=(14) _dl_setup_hash
calls=6 25 
* 162
+4 12
+1 12
+17 12
+1 1
+3 1
+5 1
-5 1
+5 1
-5 5
+5 5
-5 5
+5 5
+5 12
+12 48
+10 12
+1 16
+5 8
cfi=(46)
cfn=(228) _dl_assign_tls_modid
calls=4 125 
* 48
+7 18
cfi=(26)
cfn=(84) _dl_add_to_namespace_list
calls=6 31 
* 366
+3 12
+4 12
cfi=(45) ./elf/./elf/dl-debug.c
cfn=(196) _dl_debug_update
calls=6 38 
* 42
* 6
+1 18
+22 42
+1 18
cfi=(48)
cfn=(198) _dl_audit_objopen
calls=6 77 
* 30
* 6
fi=(60)
92 20
+2 5
-1 5
+1 5
-1 5
+1 5
-1 5
+1 5
-1 10
+3 20
fi=(61)
-37 24
+3 24
+2 24
181 6
-22 4
fe=(36)
1510 12
1074 2
fi=(59)
186 16
cfi=(57)
cfn=(178)
calls=2 47 
* 42
+3 4
fe=(36)
1462 15
+2 4
-1 20
+1 4
-1 4
+1 4
-1 4
cfi=(31) ./string/../sysdeps/x86_64/multiarch/../multiarch/strcmp-sse2.S
cfn=(90) strcmp
calls=4 98 
* 120
* 8
+2 5
1275 6
974 1
fi=(59)
36 2
+1 1
-1 1
+1 3
-1 1
+1 3
-1 1
+1 1
cfi=(57)
cfn=(178)
calls=1 +10 
* 28
+4 2
+4 1
-1 2
+1 2
-1 1
+1 1
-1 1
+1 3
cfi=(57)
cfn=(178)
calls=1 +2 
* 21
+4 3
-4 1
+4 1
+6 3
+3 2
+1 1
-1 3
+1 1
-1 1
+2 2
+41 2
fi=(61)
+9 1
fi=(59)
-49 1
cfi=(70)
cfn=(224) munmap
calls=1 +56 
* 6
* 1
+41 1
-46 4
cfi=(70)
cfn=(224)
calls=1 +61 
* 6
* 3
fe=(36)

fn=(102) _dl_init_paths
706 11
+14 1
-14 2
+14 2
cfi=(37) ./elf/./elf/dl-hwcaps.c
cfn=(104) _dl_important_hwcaps
calls=1 172 
* 1244
fi=(28) ./elf/../include/rtld-malloc.h
56 1
fe=(36)
720 1
fi=(28)
56 1
cfi=(27) ./elf/./elf/dl-minimal-malloc.c
cfn=(78) __minimal_malloc
calls=1 -20 
* 30
fe=(36)
725 1
+2 3
+8 2
-1 3
+5 3
fi=(28)
56 1
cfi=(27)
cfn=(78)
calls=1 -20 
* 30
fe=(36)
739 1
+2 4
+7 1
+8 1
+2 1
+12 2
-23 1
+9 1
+11 1
-4 1
-5 1
+3 2
+7 2
+2 2
-11 1
+11 3
-8 1
+4 1
+1 3
+1 16
cfi=(43)
cfn=(126)
calls=4 132 
* 56
+2 15
-14 3
+10 3
+4 9
-12 3
-2 3
+2 3
+4 3
-3 3
+3 3
+1 3
-2 3
+5 9
+1 6
+3 1
+15 1
-8 1
+5 1
-6 1
+9 2
+2 4
+2 3
+36 5
+2 2
cfi=(22) ./string/../sysdeps/x86_64/multiarch/../multiarch/strlen-sse2.S
cfn=(62) strlen
calls=1 57 
* 17
* 9
-19 1
-2 1
+2 2
+19 9
cfi=(29) ./string/../sysdeps/x86_64/multiarch/memmove-vec-unaligned-erms.S
cfn=(82) memcpy
calls=1 210 
* 11
* 1
+5 4
-1 2
+2 1
+1 2
-2 4
+1 13
+1 26
-2 52
+5 1
fi=(28)
56 1
cfi=(27)
cfn=(78)
calls=1 -20 
* 30
fe=(36)
836 1
fi=(28)
56 1
fe=(36)
838 2
+6 6
cfn=(128) fillin_rpath.isra.0
calls=1 468 
* 581
+3 3
+6 1
+4 8
-35 2
+5 2

fn=(162) _dl_map_object
1967 216
+8 36
+1 72
+3 408
+5 574
+2 246
cfi=(52) ./elf/./elf/dl-misc.c
cfn=(164) _dl_name_match_p
calls=82 68 
* 8376
* 164
+4 140
+1 210
+4 40
-1 200
+1 40
+1 40
-1 40
+1 80
cfi=(31)
cfn=(90)
calls=40 98 
* 1291
* 80
2270 168
2011 18
-1 12
+9 6
-50 6
+50 12
+17 12
-2 6
+2 6
cfi=(41) ./string/../sysdeps/x86_64/multiarch/../multiarch/strchr-sse2.S
cfn=(114) index
calls=6 32 
* 192
* 12
2202 2
-1 3
cfn=(132) expand_dynamic_string_token
calls=1 385 
* 175
+6 1
-7 1
+1 1
+2 2
+4 7
cfn=(166) open_verify.constprop.0
calls=1 1572 
* 106
+3 2
-3 1
+3 1
+12 4
+45 1
+1 5
-1 1
+1 8
cfn=(172)
calls=1 944 
* 1940
-1 5
+1 25
-1 5
+1 40
cfn=(172)
calls=5 944 
* 11192
* 18
2040 10
cfi=(22)
cfn=(62)
calls=5 57 
* 121
* 10
+2 10
+7 20
+51 65
cfn=(208) open_path
calls=5 1812 
* 1556
+6 5
-6 5
+6 10
2222 20
+46 10
682 5
2107 5
682 10
+3 2
2135 10
cfi=(67) ./elf/./elf/dl-cache.c
cfn=(214) _dl_load_cache_lookup
calls=5 403 
* 6221
* 5
+2 10
+4 10
+31 5
-23 10
+23 35
cfn=(166)
calls=5 1572 
* 564
+4 10
-4 5
+4 5
+1 5
+17 10
2074 25
682 5
2075 5
682 15
2099 10
+1 10
-47 5
+1 5
696 25
2058 18
682 6
2059 6
682 12
+3 2
+3 3
+3 1
+1 1
2073 25
+1 10
688 3
2115 4
+14 8
+2 15
-47 10
691 1
2115 1
+14 2

fn=(166)
1572 130
+32 13
-32 26
+32 26
+19 52
cfi=(53) ./io/../sysdeps/unix/sysv/linux/open64_nocancel.c
cfn=(168) __open_nocancel
calls=13 28 
* 281
* 13
+2 26
+8 6
+1 12
+5 6
-5 6
+5 30
cfi=(54) ./io/../sysdeps/unix/sysv/linux/read_nocancel.c
cfn=(170) __read_nocancel
calls=6 25 
* 36
+2 12
+2 12
+2 12
+6 12
+17 78
+81 12
+5 12
+6 24
+6 12
+6 6
+1 6
-1 18
+1 18
+26 117
-22 13
+1 2
-1 1
+1 1
cfi=(71)
cfn=(230)
calls=1 25 
* 7
* 2
1668 6
-59 14
1777 2

fn=(132)
385 18
241 4
385 2
241 2
cfi=(41)
cfn=(114)
calls=2 32 
* 72
+3 4
410 2
-11 2
+11 12
-11 2
cfi=(44) ./string/./string/strdup.c
cfn=(134) strdup
calls=2 40 
* 180

fn=(208)
1812 40
+1 5
-1 15
+1 5
+6 10
+5 85
+67 10
-74 5
+7 15
+57 5
-65 5
+65 5
+10 10
-64 10
+8 30
+7 10
-11 5
+12 5
-1 20
cfi=(29)
cfn=(122) mempcpy
calls=5 197 
* 65
+1 50
+50 8
-2 16
-48 55
+3 30
+5 49
cfi=(29)
cfn=(122)
calls=7 197 
* 91
* 28
cfi=(29)
cfn=(122)
calls=7 197 
* 91
+3 14
+6 21
+3 49
cfn=(166)
calls=7 1572 
* 392
* 7
+2 21
+2 6
+93 45
-88 6
+1 21
+6 3
+2 6
-2 6
+2 3
cfi=(65) ./io/../sysdeps/unix/sysv/linux/stat64.c
cfn=(210) stat
calls=3 28 
* 46
* 3
+3 3
-3 6
+1 2
+9 8
+2 1
-2 2
+2 7
+44 40
+6 10
-2 5
+2 10
+3 15
1822 10
+2 10

fn=(204) _dl_dst_count
238 34
+3 17
-3 85
+7 17
-7 34
+3 17
cfi=(41)
cfn=(114)
calls=17 32 
* 576
+3 34
+20 153

fn=(128)
468 9
+4 1
-4 8
+6 3
cfi=(7) ./elf/./elf/dl-minimal.c
cfn=(130) strsep
calls=1 239 
* 240
* 3
cfi=(7)
cfn=(130)
calls=1 239 
* 8
* 6
+7 2
+2 3
cfn=(132)
calls=1 -98 
* 125
* 1
+4 2
+5 2
cfi=(22)
cfn=(62)
calls=1 57 
* 17
* 1
+1 2
+7 5
+9 15
+1 8
fi=(28)
50 2
cfi=(27)
cfn=(138) __minimal_free
calls=1 +47 
* 5
+1 1
fe=(36)
528 4
+4 4
fi=(28)
56 1
cfi=(27)
cfn=(78)
calls=1 -20 
* 30
* 1
fe=(36)
534 2
+5 1
+1 2
-1 1
-1 1
+2 1
cfi=(29)
cfn=(122)
calls=1 197 
* 13
+3 1
-3 1
+1 1
+2 1
+6 1
+1 1
-1 3
+1 5
+1 1
-1 1
+1 1
-1 3
+1 1
-1 2
+1 1
+2 2
+1 3
+1 1
+6 2
+1 1
+3 3
-60 2
-22 2
+88 1
+3 8
-24 2

fn=(188)
868 6
+8 6
-8 12
+8 6
-6 6
+12 12
-13 6
+13 6
-13 6
+13 12
+3 18
+1 12
+1 12
+3 18
+1 18
+4 6
+1 12
+22 6
+2 6
-2 12
+2 18
-20 16
+1 8
+3 16
+3 8
+1 32
fi=(30)
95 32
+7 16
+16 8
-3 16
254 12
+1 6
+2 24
+3 6
-8 4
+5 2
-4 2
+4 6
+3 2
-2 4
fe=(36)

fl=(48)
fn=(198)
77 6
+1 24

fn=(566) _dl_audit_activity_nsid
41 1
+4 4
+1 1
+1 5

fn=(1526)
118 1
+1 4

fn=(148) _dl_audit_activity_map
29 2
+2 1
-2 5
+1 1
+1 2
+6 6

fl=(31)
fn=(248) strncmp
98 1
+27 1
+1 1
+1 1
+1 1
+1 1
+2 1
+1 1
+2 1
+1 1
+21 1
+1 1
+1 1
+1 1
+1 1
+1 1
+1 1
+1 1
+17 1
+1 1
+1 1
+1 1
+1 1
+1 1
+1 1
2104 1
+3 1
+1 1
+2 1
+1 1
+8 1
+1 1

fn=(90)
98 937
+33 937
+1 937
+2 937
+1 937
+21 937
+1 937
+1 783
+1 783
+1 665
+1 665
+1 665
+1 665
+17 665
+1 665
+1 665
+1 665
+1 665
+1 665
+1 665
+5 47
+1 141
+9 47
+1 47
+1 47
+1 47
+1 47
+1 47
+1 47
+1 47
-7 272
+1 272
+1 272
+1 272
+1 272
+1 272
+1 272
+1 272
+1 308
+1 164
+1 164
+1 164
+2 164
+1 164
+1 164
+1 164
+1 164
+1 164
-5 144
+1 144
+1 144
+1 144
+1 144
+1 144
+10 11
+1 11
+1 11
+2 11
+6 11
+1 11
+1 11
+1 11
+1 11
+5 11
+2 1
+1 1
+1 2
+8 1
+1 1
+3 1
+1 1
+1 1
+1 1
+1 1
+1 1
+31 6
+1 6
+1 6
+1 6
+1 6
+2 6
+1 6
+1 6
+1 6
+1 6
+1 6
+1 6
+1 6
+3 6
+1 6
+1 6
+6 6
+1 6
+1 12
+4 6
+1 6
+3 6
+1 6
+1 6
+2 6
+1 6
+1 6
+4 6
+1 6
+1 6
+1 6
+1 6
+1 6
+75 1
+1 1
+1 1
+1 1
+1 1
+2 1
+1 1
+1 1
+1 1
+1 1
+1 1
+1 1
542 3
+1 3
+1 3
+1 3
+1 3
+2 3
+1 3
+1 3
+1 3
+1 3
+1 3
+1 3
+1 3
+4 3
+1 3
+1 3
+6 3
+1 3
+1 6
+4 3
+1 3
+3 3
+1 3
+1 3
+2 3
+1 3
+1 3
+4 3
+1 3
+1 3
+1 3
+1 3
+1 3
+69 4
+1 4
+1 4
+1 4
+1 4
+2 4
+1 4
+1 4
+1 4
+1 4
+1 4
+1 4
+1 2
+4 2
+1 2
+1 2
+6 2
+1 2
+1 4
+4 2
+1 2
+3 2
+1 2
+1 2
+2 2
+1 2
+1 2
+4 2
+1 2
+1 2
+1 2
+1 2
+1 2
+69 4
+1 4
+1 4
+1 4
+1 4
+2 4
+1 4
+1 4
+1 4
+1 4
+1 4
+1 4
+1 3
+4 3
+1 3
+1 3
+6 3
+1 3
+1 6
+4 3
+1 3
+3 3
+1 3
+1 3
+2 3
+1 3
+1 3
+4 3
+1 3
+1 3
+1 3
+1 3
+1 3
+69 6
+1 6
+1 6
+1 6
+1 6
+2 6
+1 6
+1 6
+1 6
+1 6
+1 6
+1 6
+1 3
+4 3
+1 3
+1 3
+6 3
+1 3
+1 6
+4 3
+1 3
+3 3
+1 3
+1 3
+2 3
+1 3
+1 3
+4 3
+1 3
+1 3
+1 3
+1 3
+1 3
+7 1
+1 1
+2 1
+1 1
+2 1
+1 1
+1 1
+2 1
+1 1
+1 1
+4 1
+1 1
+1 1
+1 1
+1 1
+1 1
+41 14
+1 14
+1 14
+1 14
+1 14
+2 14
+1 14
+1 14
+1 14
+1 14
+1 14
+1 14
+1 11
+4 11
+1 11
+1 11
+6 11
+1 11
+1 22
+4 11
+1 11
+3 11
+1 11
+1 11
+2 11
+1 11
+1 11
+4 11
+1 11
+1 11
+1 11
+1 11
+1 11
+69 16
+1 16
+1 16
+1 16
+1 16
+2 16
+1 16
+1 16
+1 16
+1 16
+1 16
+1 16
+1 6
+4 6
+1 6
+1 6
+6 6
+1 6
+1 12
+4 6
+1 6
+3 6
+1 6
+1 6
+2 6
+1 6
+1 6
+4 6
+1 6
+1 6
+1 6
+1 6
+1 6
+69 48
+1 48
+1 48
+1 48
+1 48
+2 48
+1 48
+1 48
+1 48
+1 48
+1 48
+1 48
+1 11
+4 11
+1 11
+1 11
+6 11
+1 11
+1 22
+4 11
+1 11
+3 11
+1 11
+1 11
+2 11
+1 11
+1 11
+4 11
+1 11
+1 11
+1 11
+1 11
+1 11
+69 34
+1 34
+1 34
+1 34
+1 34
+2 34
+1 34
+1 34
+1 34
+1 34
+1 34
+1 34
+1 14
+4 14
+1 14
+1 14
+6 14
+1 14
+1 28
+4 14
+1 14
+3 14
+1 14
+1 14
+2 14
+1 14
+1 14
+4 14
+1 14
+1 14
+1 14
+1 14
+1 14
+69 35
+1 35
+1 35
+1 35
+1 35
+2 35
+1 35
+1 35
+1 35
+1 35
+1 35
+1 35
+1 17
+4 17
+1 17
+1 17
+6 17
+1 17
+1 34
+4 17
+1 17
+3 17
+1 17
+1 17
+2 17
+1 17
+1 17
+4 17
+1 17
+1 17
+1 17
+1 17
+1 17
+69 12
+1 12
+1 12
+1 12
+1 12
+2 12
+1 12
+1 12
+1 12
+1 12
+1 12
+1 12
+1 9
+4 9
+1 9
+1 9
+6 9
+1 9
+1 18
+4 9
+1 9
+3 9
+1 9
+1 9
+2 9
+1 9
+1 9
+4 9
+1 9
+1 9
+1 9
+1 9
+1 9
+7 2
+1 2
+2 2
+1 2
+2 2
+1 2
+1 2
+2 2
+1 2
+1 2
+4 2
+1 2
+1 2
+1 2
+1 2
+1 2
+41 44
+1 44
+1 44
+1 44
+1 44
+2 44
+1 44
+1 44
+1 44
+1 44
+1 44
+1 44
+1 19
+4 19
+1 19
+1 19
+6 19
+1 19
+1 38
+4 19
+1 19
+3 19
+1 19
+1 19
+2 19
+1 19
+1 19
+4 19
+1 19
+1 19
+1 19
+1 19
+1 19
+7 1
+1 1
+2 1
+1 1
+2 1
+1 1
+1 1
+2 1
+1 1
+1 1
+4 1
+1 1
+1 1
+1 1
+1 1
+1 1
+41 31
+1 31
+1 31
+1 31
+1 31
+2 31
+1 31
+1 31
+1 31
+1 31
+1 31
+1 31
+1 13
+4 13
+1 13
+1 13
+6 13
+1 13
+1 26
+4 13
+1 13
+3 13
+1 13
+1 13
+2 13
+1 13
+1 13
+4 13
+1 13
+1 13
+1 13
+1 13
+1 13
+69 50
+1 50
+1 50
+1 50
+1 50
+2 50
+1 50
+1 50
+1 50
+1 50
+1 50
+1 50
+2 16
+4 16
+1 16
+1 16
+6 16
+1 16
+2 32
+4 16
+1 16
+3 16
+1 16
+1 16
+2 16
+1 16
+1 16
+4 16
+1 16
+1 16
+1 16
+1 16
+1 16
+7 1
+1 1
+2 1
+1 1
+2 1
+1 1
+1 1
+2 1
+1 1
+1 1
+4 1
+1 1
+1 1
+1 1
+1 1
+1 1
+13 1
+1 1
+1 1
+1 1
+7 1
+1 1
+1 1
+18 134
+2 134
+1 134
+1 134
+1 134
-3 185
+1 185
+1 185
+1 185
+1 328
+5 164
+6 164
+1 164
+8 164
+1 164
-16 773
+6 773
+1 773
+8 773
+1 773

fl=(29)
fn=(122)
197 188
+1 188
+1 188
+1 188
+17 188
+1 188
+2 76
+1 76
+1 76
+2 72
+1 72
+1 72
+2 72
+80 112
+1 112
+2 101
+4 101
+1 101
+1 101
+8 101
+39 11
+1 11
+1 11
+1 11
+1 11
+7 4
+1 4
+1 4
+1 4
+1 4
+1 4
+1 4
+11 4
+1 4
+2 4
+1 4
+1 4

fn=(82)
210 35
+1 35
+6 35
+1 35
+2 27
+1 27
+1 27
+2 12
+1 12
+1 12
+2 12
+80 8
+1 8
+2 1
+4 1
+1 1
+1 1
+1 1
+1 1
+4 1
+2 1
+39 7
+1 7
+1 7
+1 7
+1 7
+7 15
+1 15
+1 15
+1 15
+1 15
+1 15
+1 15
+11 15
+1 15
+2 15
+1 15
+1 15

fl=(187) ./elf/./elf/dl-runtime.c
fn=(894) _dl_fixup
46 440
+2 200
+1 40
+6 40
fi=(300) ./elf/../sysdeps/x86_64/dl-runtime.h
-27 40
fe=(187)
+21 40
+5 40
+1 40
-6 40
+6 80
+1 40
+2 40
-2 40
+2 40
-2 200
+7 80
+4 80
+4 40
-2 40
+2 80
+4 120
+1 160
+1 120
-8 16
+16 16
-1 16
+1 56
-1 24
+1 48
+2 5
+1 5
+7 50
cfi=(79) ./elf/./elf/dl-lookup.c
cfn=(274) _dl_lookup_symbol_x
calls=5 772 
* 3271
* 350
cfi=(79)
cfn=(274)
calls=35 772 
* 22540
* 40
+4 200
+10 400
+15 160
+9 120
+26 120
fi=(6) ./elf/../sysdeps/x86_64/dl-machine.h
+75 40
fe=(187)
-71 320
-63 20
fi=(210) ./elf/../sysdeps/x86_64/dl-irel.h
-68 1
cob=(2)
cfi=(129) ./string/../sysdeps/x86_64/multiarch/strncpy.c
cfn=(402) strncpy
calls=1 -3 
* 19
fe=(187)
+93 2

fl=(64) ./elf/./elf/dl-deps.c
fn=(206) openaux
61 102
+7 17
-4 51
+1 17
-1 119
cfi=(36)
cfn=(162)
calls=17 1967 
* 32608
* 17
+5 51

fn=(202) _dl_map_object_deps
143 4
+1 2
-1 1
+1 1
-1 2
+1 1
-1 1
+1 1
-1 4
+1 3
-1 1
+1 7
-8 1
+8 2
-8 1
-6 1
-2 1
+16 1
-8 1
-7 1
+1 1
+6 1
+24 4
-28 3
-2 1
+31 1
-33 2
+2 2
+30 2
-30 1
-1 4
+7 4
+24 3
+28 3
-6 1
+46 1
fi=(73) ./elf/../include/scratch_buffer.h
77 1
fe=(64)
+87 1
fi=(73)
-87 1
+1 1
fe=(64)
184 1
+44 4
-31 1
-4 1
+4 9
-4 7
+4 14
+11 20
-18 2
+18 4
417 16
+2 6
+3 6
-3 18
+3 6
-3 6
fi=(28)
56 6
cfi=(27)
cfn=(78)
calls=6 -20 
* 235
fe=(64)
423 18
fi=(28)
56 6
fe=(64)
423 6
+6 6
+1 30
cfi=(29)
cfn=(82)
calls=6 210 
* 82
+1 30
cfi=(29)
cfn=(82)
calls=6 210 
* 82
+3 6
+1 12
+4 24
188 14
442 21
-1 8
+1 16
183 6
+27 24
+7 6
+4 6
-6 6
+1 6
+1 6
+1 12
+3 18
-2 6
-29 30
+32 354
+6 68
cfi=(36)
cfn=(204)
calls=17 +10 
* 967
* 51
+4 34
-2 17
+2 34
cfi=(50) ./elf/./elf/dl-catch.c
cfn=(156) _dl_catch_exception
calls=17 -28 
* 34104
+1 34
+9 17
+2 34
+5 30
+6 6
+2 6
-8 12
+3 6
+1 6
+1 6
+1 6
+4 6
-3 6
+3 18
+4 51
+1 39
-43 726
+7 34
+38 480
fi=(73)
85 3
fe=(64)
448 5
+1 1
+3 4
+11 5
fi=(28)
56 1
cfi=(27)
cfn=(78)
calls=1 -20 
* 30
fe=(64)
465 3
fi=(28)
56 1
fe=(64)
465 1
+5 2
+1 1
-1 3
+4 3
-2 2
+13 7
+5 7
-16 21
+11 7
-7 7
+7 7
-2 14
-5 1
+7 1
-2 2
+2 1
-11 1
+11 1
+5 1
-16 3
+21 3
+37 2
+15 2
-14 2
+20 1
-1 4
+1 4
-1 5
cfi=(13) ./elf/./elf/dl-sort-maps.c
cfn=(236) _dl_sort_maps
calls=1 298 
* 565
+5 1
+2 1
+1 1
+1 2
-2 1
+2 1
+7 3
+3 2
+3 8
198 53
+3 6
fi=(73)
-70 24
cfi=(72) ./malloc/./malloc/scratch_buffer_set_array_size.c
cfn=(232) __libc_scratch_buffer_set_array_size
calls=6 30 
* 150
fe=(64)
+70 18
+4 12
547 4
cfi=(29)
cfn=(82)
calls=1 210 
* 19
* 3
-53 2
144 2

fl=(54)
fn=(170)
25 6
+1 24
+1 6

fl=(58) ./misc/../sysdeps/unix/sysv/linux/setvmaname.c
fn=(180) __set_vma_name
33 3
+2 11
-2 4
+7 1
-7 2
+7 1
-7 2
+7 1
-7 1
+7 1
cfi=(11)
cfn=(28)
calls=1 387 
* 24
* 3
+7 1
+2 6

fl=(7)
fn=(538) lookup_malloc_symbol
61 8
+3 4
-3 12
+3 4
-3 12
+3 4
-3 4
+2 4
+1 16
cfi=(79)
cfn=(274)
calls=4 772 
* 2719
+4 28
+1 28
+2 4
fi=(166) ./elf/./dl-sym-post.h
-30 8
+12 12
fe=(7)
+19 24

fn=(130)
239 2
+3 4
+2 2
+1 4
+4 3
-2 2
+4 28
+5 84
-2 56
+13 1
+4 4
-22 14
+15 14
-15 30

fn=(534) __rtld_malloc_init_real
76 2
+10 1
fi=(165) ./elf/../sysdeps/generic/dl-hash.h
-41 1
-1 1
fe=(7)
+32 8
+11 1
-1 1
fi=(165)
-43 1
+5 3
+14 4
-17 3
+3 15
+14 20
-17 15
fe=(7)
+46 2
fi=(165)
-24 1
fe=(7)
+22 1
+2 2
fi=(165)
-19 1
fe=(7)
+19 1
cfn=(538)
calls=1 -30 
* 710
+1 3
-1 1
+1 1
cfn=(538)
calls=1 -31 
* 692
+1 3
-1 1
+1 1
cfn=(538)
calls=1 -32 
* 777
+1 3
-1 1
+1 1
cfn=(538)
calls=1 -33 
* 712
+5 1
+1 1
+1 1
+1 1
+1 8

fn=(12) __rtld_malloc_init_stubs
42 1
+1 2
+1 2
+1 2
+1 2
+1 1

fl=(44)
fn=(134)
40 42
+1 7
cfi=(22)
cfn=(62)
calls=7 +16 
* 227
* 7
fi=(301) ./string/../include/rtld-malloc.h
+15 14
cfi=(27)
cfn=(78)
calls=7 -20 
* 210
fe=(44)
-12 14
+3 21
+1 21
-1 7
cfi=(29)
cfn=(82)
calls=7 210 
* 109

fl=(79)
fn=(274)
772 78378
+3 13063
-3 39189
+3 13063
-3 52252
fi=(80) ./elf/../sysdeps/generic/dl-new-hash.h
74 13063
+3 26126
-8 13063
+1 26126
+10 13063
+1 26126
-1 131417
+1 262834
+20 137952
-2 137952
+6 137952
-3 275904
+2 137952
-30 137952
+3 275904
fe=(79)
774 13063
+1 13063
+3 13063
-4 13063
+1 13063
+7 26598
+5 13063
-2 13063
+2 13063
-2 13063
+6 182977
+1 182882
cfn=(278) do_lookup_x
calls=13063 347 
* 4008341
* 39189
+28 13063
-23 39189
+23 13063
-23 26126
+24 78248
+7 13044
-7 13044
+35 52176
+34 52176
-20 39132
+3 26088
-57 13063
+76 117567
fi=(80)
87 6528
+1 6528
+1 13056
+1 6528
fe=(79)
871 2
-72 114
+18 57
+11 76

fn=(280) check_match
70 195810
+3 78324
+13 13054
-13 13054
+13 13054
-13 13054
+13 39162
+3 26832
cfi=(31)
cfn=(90)
calls=181 +9 
* 9354
* 362
+4 13054
+1 26108
+2 492
+19 492
+1 1968
+2 20
+43 13044
+1 104432
-18 25616
+2 25616
+1 12808
-1 25616
+1 38424
-1 25616
-68 20
+39 708
cfi=(31)
cfn=(90)
calls=236 -19 
* 6755
* 472

fn=(278)
347 117567
+1 13063
-1 52252
+6 13063
-6 13063
+65 13063
-58 13063
+11 13063
+50 13063
-3 26126
+3 26126
-50 13063
+50 52252
-19 120009
+8 40003
-4 40003
+1 40003
+3 160012
+1 80006
+3 40003
-3 40003
+4 80006
+4 80006
-2 40003
+5 160012
+3 280021
+99 80877
358 80006
+3 80006
+4 80006
+21 80006
+4 80006
+71 104352
fi=(4) ./elf/../sysdeps/generic/ldsodefs.h
139 26088
+1 39132
fe=(79)
476 26088
fi=(81) ./elf/../sysdeps/generic/dl-protected.h
29 52176
fe=(79)
483 104148
+16 26088
+1 13044
+22 13044
-21 13044
+21 91308
-99 39306
-1 26204
+2 26204
+2 13090
+6 52360
-6 13090
+6 91630
+7 38130
-10 128770
+2 13054
+1 39162
-1 13054
+1 26108
-1 13054
+1 13054
+1 13054
-1 13054
+1 13054
-1 91378
cfn=(280)
calls=13054 70 
* 723321
+4 39162
+3 20
+31 368
+52 19
-1 19
+1 133
-35 153

fl=(2) ./elf/./elf/rtld.c
fn=(242) version_check_doit
674 2
+2 1
-2 4
+2 3
cfi=(74) ./elf/./elf/dl-version.c
cfn=(244) _dl_check_all_versions
calls=1 392 
* 31864
* 2
+4 3

fn=(160) map_doit
641 2
+2 1
-2 4
+2 1
+1 2
-1 2
+1 3
cfi=(36)
cfn=(162)
calls=1 1967 
* 2643
* 1
+2 3

fn=(250) init_tls
734 1
+6 1
-6 3
+2 2
+4 2
+11 1
fi=(28)
44 1
fe=(2)
746 1
+4 1
fi=(28)
44 1
cfi=(27)
cfn=(74) __minimal_calloc
calls=1 +36 
* 41
fe=(2)
761 1
-12 1
+6 1
-9 1
+11 1
+4 1
+2 3
-1 2
+3 16
+4 5
+2 5
-2 10
-5 5
-1 10
+10 3
+3 2
cfi=(46)
cfn=(252) _dl_tls_static_surplus_init
calls=1 97 
* 86
+3 1
cfi=(46)
cfn=(254) _dl_determine_tlsoffset
calls=1 216 
* 215
+7 1
cfi=(46)
cfn=(256) _dl_allocate_tls_storage
calls=1 417 
* 469
* 1
+1 2
+6 1
fi=(75) ./elf/../sysdeps/generic/dl-call_tls_init_tp.h
31 2
fe=(2)
793 1
fi=(75)
31 6
+2 1
cfi=(24) ./elf/../sysdeps/nptl/dl-tls_init_tp.c
cfn=(260) __tls_init_tp
calls=1 +35 
* 79
fe=(2)
800 1
-3 1
+3 4
-36 3
-1 7

fn=(2) _dl_start
517 16
85 1
547 4
85 1
543 1
fi=(6)
55 1
fe=(2)
+30 1
546 1
85 1
fi=(3) ./elf/./get-dynamic-info.h
-40 1
fe=(2)
546 1
fi=(3)
45 2
+23 18
-23 72
+4 36
+3 5
-1 10
+3 20
+1 16
+1 5
fi=(4)
+23 1
fi=(3)
+31 1
-38 3
+12 4
+1 3
+1 4
+1 4
+1 5
+1 3
+1 4
+1 4
+12 7
+7 2
-51 4
+64 3
+6 3
+1 3
+3 2
+1 3
+5 5
+3 5
fe=(2)
563 154
fi=(4)
79 1
fe=(2)
563 1
fi=(4)
79 2
fe=(2)
563 27
fi=(6)
287 3
fi=(5) ./elf/./elf/do-rel.h
49 1
fe=(2)
563 1
fi=(5)
50 1
-1 2
+4 1
-3 1
+3 4
+3 2
-7 1
fe=(2)
563 1
fi=(5)
50 1
-1 2
+4 1
-3 1
+3 4
+3 2
+7 3
+2 3
-2 6
fi=(6)
278 3
fi=(5)
64 6
fi=(6)
278 6
+9 24
+3 6
+1 6
+26 8
+6 2
fi=(5)
61 13
fe=(2)
563 6
fi=(5)
51 1
fi=(4)
+28 2
fi=(3)
-17 4
+2 4
fe=(2)
565 1
+13 1
cfi=(7)
cfn=(12)
calls=1 42 
* 10
458 2
85 1
476 2
85 3
476 1
cfi=(8)
cfn=(14)
calls=1 25 
* 27
+2 1
+16 2
-17 1
+11 1
-10 1
+16 1
cfi=(9) ./elf/../sysdeps/unix/sysv/linux/dl-sysdep.c
cfn=(16) _dl_sysdep_start
calls=1 102 
* 8969942
* 1
+2 2
+89 9
fi=(3)
103 3
fe=(2)

fn=(66) dl_main
1346 2
197 1
1346 11
199 1
302 1
+1 1
197 1
+99 3
1357 1
cfi=(24)
cfn=(68) __tls_pre_init_tp
calls=1 53 
* 17
2749 1
2538 1
2749 2
2598 1
+2 2
+15 1
-13 2
cfi=(25) ./elf/./elf/dl-environ.c
cfn=(70) _dl_next_ld_env_entry
calls=1 28 
* 89
* 4
cfi=(25)
cfn=(70)
calls=2 28 
* 257
* 9
+4 6
-2 2
+2 6
+1 2
-1 6
+1 17
-1 89
+9 12
2727 3
1373 1
+1 2
-1 2
+1 2
2687 3
-47 2
+10 2
1637 9
cfi=(26)
cfn=(72)
calls=1 59 
* 210
* 1
+2 2
+1 3
+6 1
-5 2
+1 3
+4 1
cfi=(26)
cfn=(84)
calls=1 31 
* 42
+1 2
1116 1
-1 1
1351 1
1143 1
-21 2
+21 2
-19 1
+1 1
-3 1
+21 2
+57 1
-82 1
+25 1
-3 1
+4 1
+19 1
+37 4
-56 99
+56 4
-1 4
+1 8
-1 4
+2 8
+1 1
+2 12
+1 14
+4 8
+1 8
+1 4
+4 12
-72 21
1253 2
+1 22
-1 24
+1 12
+6 12
-6 24
fi=(30)
235 2
+1 1
-87 4
fe=(2)
1221 3
+7 1
-1 2
+6 1
-6 2
-79 1
+85 3
-90 2
+91 1
+1 1
-1 1
+4 2
-95 2
+5 1
-5 1
+5 2
-5 2
+30 1
-9 2
+2 1
-3 1
+10 2
+18 2
-38 2
-10 1
+10 1
+1 9
-11 2
+1 10
1247 1
1143 1
1247 2
1143 2
1266 4
+2 3
+1 3
+2 3
1672 3
+2 2
-1 1
+1 1
+1 3
-2 2
cfi=(31)
cfn=(90)
calls=1 98 
* 25
* 2
+7 1
+3 1
-5 1
+3 1
+2 1
+1 2
+4 2
+2 2
fi=(3)
39 4
+4 1
+2 1
+9 1
+1 1
-10 2
+23 29
-23 116
+4 58
+3 6
-1 12
+3 24
+1 20
fe=(2)
1243 1
1143 1
1243 1
1143 2
fi=(3)
72 4
+43 2
+7 3
+1 4
+6 3
+18 4
+5 2
+2 2
+2 2
+2 2
+1 2
+3 4
+2 3
+1 2
+9 2
+6 2
+1 3
+3 3
fe=(2)
1698 4
+7 2
cfi=(8)
cfn=(14)
calls=1 25 
* 27
+3 2
fi=(32) ./elf/./setup-vdso.h
24 2
fi=(35) ./elf/./dl-main.h
+85 2
fi=(34) ./elf/../sysdeps/unix/sysv/linux/dl-vdso-setup.h
-64 1
fi=(35)
+64 3
cfi=(36)
cfn=(102)
calls=1 706 
* 2322
fe=(2)
1733 3
cfi=(45)
cfn=(140) _dl_debug_initialize
calls=1 56 
* 34
+7 1
-5 1
-2 1
+7 1
+4 1
+1 1
+2 1
-3 3
+1 2
+3 1
+11 1
-13 1
+13 1
+1 2
+5 1
-3 2
+2 1
+1 2
+5 3
+1 5
-1 2
224 1
+1 1
-1 1
+1 3
+1 2
1788 2
+5 1
-1 1
1352 1
1793 1
+24 1
cfi=(46)
cfn=(142) _dl_count_modids
calls=1 192 
* 6
* 1
fi=(47) ./elf/../sysdeps/generic/dl-debug.h
29 4
+1 1
fe=(2)
1823 1
+1 1
cfi=(45)
cfn=(146) _dl_debug_state
calls=1 116 
* 2
+1 1
+4 3
cfi=(48)
cfn=(148)
calls=1 29 
* 17
+5 3
+2 1
+2 2
+9 2
+16 4
cfi=(63) ./io/../sysdeps/unix/sysv/linux/access.c
cfn=(200) access
calls=1 25 
* 9
* 2
+76 4
+16 3
85 1
1965 1
85 2
1965 1
85 1
1965 5
85 1
1965 2
cfi=(64)
cfn=(202)
calls=1 143 
* 39123
92 1
+9 1
1971 1
92 2
+9 2
1971 2
+1 6
-1 4
+1 14
-1 28
+4 3
+1 2
+1 1
+2 30
+1 14
+46 1
-42 2
+8 3
+1 2
+2 1
+2 3
+2 1
-4 1
+5 1
-1 2
+14 2
+1 2
+1 3
-25 1
+36 2
+2 1
-2 1
+2 2
-2 1
+1 2
+1 1
-1 2
+1 1
cfi=(50)
cfn=(240) _dl_receive_error
calls=1 186 
* 31901
+10 1
+1 1
-1 1
+1 1
+3 2
837 1
fi=(302) ./elf/../sysdeps/unix/sysv/linux/dl-osinfo.h
39 2
fe=(2)
839 1
fi=(302)
52 1
fe=(2)
848 1
+7 1
-5 1
2047 3
2246 2
+4 1
-4 1
+10 1
-6 1
+6 1
-6 1
+9 2
+8 2
fi=(30)
36 2
+1 3
+3 3
+13 10
-13 7
+9 14
-9 1
+9 32
+4 28
-16 24
+34 1
fe=(2)
2279 1
fi=(30)
71 1
cfi=(77)
cfn=(264)
calls=1 361 
* 33
fe=(2)
2282 1
-3 2
+5 1
-2 2
+2 2
+1 6
cfi=(78) ./elf/./elf/dl-reloc.c
cfn=(266) _dl_relocate_object
calls=1 207 
* 79338
85 2
2292 1
85 2
2292 1
+1 17
+2 16
+5 16
+2 16
+6 8
+2 16
+1 56
cfi=(78)
cfn=(266)
calls=7 207 
* 8754840
+4 26
+1 10
-23 5
+23 5
cfi=(46)
cfn=(440) _dl_add_to_slotinfo
calls=5 1017 
* 140
-23 11
92 3
+1 1
2325 1
93 1
2325 1
+4 4
+2 1
+7 4
cfi=(46)
cfn=(524) _dl_allocate_tls_init
calls=1 523 
* 7206
+3 2
+4 3
+2 2
+33 3
cfi=(169) ./elf/./elf/dl-call-libc-early-init.c
cfn=(548) _dl_call_libc_early_init
calls=1 27 
* 603
+7 1
cfi=(9)
cfn=(564) _dl_sysdep_start_cleanup
calls=1 147 
* 2
+3 3
cfi=(48)
cfn=(566)
calls=1 41 
* 11
+4 2
cfi=(45)
cfn=(196)
calls=1 38 
* 7
+1 1
-1 1
+2 1
cfi=(45)
cfn=(146)
calls=1 116 
* 2
+1 1
+4 1
cfi=(67)
cfn=(568) _dl_unload_cache
calls=1 525 
* 19
+5 8
2304 1
+1 1
-3 2
226 2
-2 1
+1 1
1773 1
+6 1
-6 2
+6 1
fi=(3)
56 5
+3 4
fi=(33) ./elf/../sysdeps/unix/sysv/linux/dl-vdso.h
-19 2
+1 5
fi=(34)
-11 1
+3 1
+3 1
+3 1
fi=(33)
+16 2
fi=(3)
+17 3
+12 3
+1 5
+1 5
+1 5
+1 4
+1 5
+1 5
+1 5
+12 2
+7 1
-7 7
+7 2
fe=(2)
1743 4
2357 1
cfi=(163) ./elf/./elf/dl-find_object.c
cfn=(526) _dl_find_object_init
calls=1 561 
* 1212
+5 3
cfi=(7)
cfn=(534)
calls=1 76 
* 3002
+3 1
cfi=(167) ./elf/../sysdeps/nptl/dl-mutex.c
cfn=(542) __rtld_mutex_init
calls=1 30 
* 503
85 1
2371 1
+1 3
85 3
2372 2
cfi=(78)
cfn=(266)
calls=1 207 
* 2001
92 3
+9 3
2687 2
+2 1
+1 1
-1 1
+1 1
+1 1
2040 2
cfn=(250)
calls=1 734 
* 1003
* 2
2650 2
+2 2
+1 1
fi=(3)
62 4
+2 4
fe=(2)
1943 10
85 1
1842 2
85 3
1842 2
cfn=(150) handle_preload_list
calls=1 869 
* 3084
* 1
92 3
+9 3
1943 6
+1 1
-1 1
+4 3
+1 1
+1 2
+1 2
-7 2

fn=(150)
869 11
+5 1
-5 2
+5 2
-4 3
+7 3
cfi=(49) ./string/../string/strcspn.c
cfn=(152) strcspn
calls=1 32 
* 240
* 1
+1 3
+9 1
183 1
889 2
183 2
891 2
-80 1
+5 1
-6 1
-4 1
+10 2
-6 1
+4 1
+2 2
-5 1
+1 1
+4 1
cfi=(50)
cfn=(154) _dl_catch_error
calls=1 254 
* 2754
+1 3
+8 3
+67 1
-18 2
+21 9
-15 4
cfi=(29)
cfn=(82)
calls=1 210 
* 19
+1 2

fl=(26)
fn=(84)
31 28
+2 7
-2 14
+2 7
-2 21
+2 7
cfi=(24)
cfn=(86) rtld_mutex_dummy
calls=7 +9 
* 21
+2 62
+3 108
+2 6
+2 6
+4 6
+4 6
-4 12
+1 12
+1 12
+3 30
-1 6
cfi=(24)
cfn=(86)
calls=6 -8 
* 18
-4 1
+4 1
-4 2
+1 2
+1 2
+3 5
-1 1
cfi=(24)
cfn=(86)
calls=1 -8 
* 3
-5 2

fn=(72)
59 105
+3 14
+18 12
+3 6
cfi=(22)
cfn=(62)
calls=6 -26 
* 156
+4 6
-4 6
+4 6
+5 6
-9 18
fi=(28)
-39 12
cfi=(27)
cfn=(74)
calls=6 +36 
* 347
fe=(26)
+39 1
fi=(28)
-39 2
cfi=(27)
cfn=(74)
calls=1 +36 
* 47
* 7
fe=(26)
+51 14
+5 7
+4 7
-6 7
+2 7
+4 7
-5 7
+4 7
+1 7
-1 7
+1 14
cfi=(29)
cfn=(82)
calls=7 210 
* 88
* 7
+15 7
-15 7
+2 7
+13 14
+6 1
+2 7
+3 2
-3 42
+3 12
+2 7
+4 7
+3 18
+2 12
-2 8
+2 8
-2 16
+16 14
-5 7
+5 7
-6 7
+6 7
-6 7
+6 14
+2 12
+3 12
-3 12
+7 28
+4 18
+8 1
+13 1
-10 2
+10 9
-10 12
+10 18
+2 6
cfi=(22)
cfn=(62)
calls=6 57 
* 238
+21 6
-21 18
+17 6
-13 18
+50 18
cfi=(29)
cfn=(122)
calls=6 -48 
* 110
* 6
+5 12
+1 12
-1 196
+1 196
+4 12
+1 6
+3 6
+4 63
131 14
-8 6
-4 12
+34 1
+7 4
+8 24
fi=(28)
56 12
cfi=(27)
cfn=(78)
calls=6 -20 
* 180
* 6
fe=(26)
200 12
-1 12
64 2
+2 3
+1 2
+4 6
+6 2

fl=(9)
fn=(18) _dl_sysdep_parse_arguments
78 1
+2 1
-2 6
+1 1
+1 1
-1 1
+2 2
+2 1
-2 1
+2 2
-1 1
+1 2
-1 51
+1 102
+7 56
fi=(10) ./elf/../sysdeps/unix/sysv/linux/dl-parse_auxv.h
-49 1
fe=(9)
+45 1
fi=(10)
-54 1
fe=(9)
+54 1
fi=(10)
-54 1
+1 1
+1 1
+7 3
+1 44
+1 22
-2 22
+2 22
-2 67
fe=(9)
+52 3
+1 1
+1 2
fi=(10)
-49 1
+1 1
fe=(9)
+46 1
fi=(10)
-45 1
+3 1
+1 1
+1 1
+1 1
+2 1
-5 1
-4 1
+1 1
+4 1
+1 1
+3 1
-7 1
-4 1
+1 1
+8 1
fe=(9)
+40 1
-1 1
+2 1
+1 6

fn=(16)
102 5
+4 1
-4 1
+1 1
+3 1
cfn=(18)
calls=1 -28 
* 450
+4 2
cfi=(11)
cfn=(22) __GI___tunables_init
calls=1 261 
* 33080
+3 1
cfi=(13)
cfn=(26) _dl_sort_maps_init
calls=1 289 
* 38
+2 2
cfi=(14) ./elf/../sysdeps/unix/sysv/linux/brk.c
cfn=(30) brk
calls=1 -79 
* 8
fi=(6)
220 1
cfi=(15) ./elf/../sysdeps/x86/dl-get-cpu-features.c
cfn=(34) _dl_x86_init_cpu_features
calls=1 37 
* 7349
fe=(9)
-98 3
+1 1
cfi=(22)
cfn=(62)
calls=1 -66 
* 17
* 1
+2 2
cfi=(23) ./elf/../misc/sbrk.c
cfn=(64) sbrk
calls=1 -88 
* 16
* 3
+12 3
+3 5
cfi=(2)
cfn=(66)
calls=1 1346 
* 8928947
+3 4

fn=(564)
147 1
+1 1

fl=(11)
fn=(58) __GI___tunable_set_val
153 15
-81 40
+81 15
-81 10
+10 5
fi=(303) ./elf/./dl-tunable-types.h
+2 5
fe=(11)
+9 40
+1 25
fi=(12) ./elf/./elf/dl-tunables.h
+47 10
fe=(11)
-26 25
+1 5
+1 5
+1 5
+39 15
fi=(12)
-15 10
fe=(11)
-45 10
+3 5
fi=(12)
+51 5
fe=(11)
-51 5
+4 10
+7 10
+1 10
-12 25

fn=(28)
387 41
+3 82
-3 41
+3 328
+9 38
-9 76
+19 26
+7 246
+2 41
-19 15
+1 15
+9 6

fn=(22)
261 8
+22 1
-22 1
128 1
283 1
-22 1
+6 4
42 265
+6 52
-3 52
+3 6038
+4 104
+4 104
fi=(12)
160 52
fe=(11)
56 104
fi=(12)
161 22
-1 118
+1 178
-1 104
fe=(11)
281 8528
+6 15444
fi=(12)
160 520
+1 1040
-1 33
+1 132
-1 165
fe=(11)
304 8

fl=(50)
fn=(156)
204 108
58 18
204 36
+3 36
+22 18
-1 18
+1 18
58 36
235 54
cfi=(51) ./setjmp/../sysdeps/x86_64/setjmp.S
cfn=(158) __sigsetjmp
calls=18 31 
* 432
* 54
+2 54
cfi=(64)
cfn=(206)
calls=17 61 
* 32982
cfi=(2)
cfn=(160)
calls=1 641 
* 2662
69 18
+1 18
-1 18
+1 18
239 72
-25 18
+34 54
59 36
+11 54

fn=(154)
254 6
+2 1
-2 6
+2 1
cfn=(156)
calls=1 -52 
* 2728
+1 2
+1 1
+1 1
-1 1
+1 1
+2 6

fn=(240)
186 2
58 1
186 4
+2 1
-2 1
58 1
+1 1
+11 1
192 1
+2 1
cfi=(2)
cfn=(242)
calls=1 674 
* 31879
69 2
+1 1
198 1
-1 1
+1 3

fl=(63)
fn=(200)
25 1
+2 7
+4 1

fl=(20) ./elf/../sysdeps/x86/dl-cacheinfo.h
fn=(52) intel_check_word.constprop.0
123 48
-4 72
+10 24
-10 96
+10 48
-10 24
+10 24
-10 24
+10 24
+2 48
+71 48
fi=(21) ./elf/../bits/stdlib-bsearch.h
32 24
fe=(20)
202 120
-71 96
+2 60
+2 120
+8 120
+51 96
+22 48
fi=(21)
28 48
-1 96
+2 216
+2 168
+1 84
fe=(20)
+78 168
+3 324
fi=(21)
-78 264
-6 528
+2 480
+1 240
fe=(20)
+78 480
+15 12
246 144
fi=(21)
37 120
fe=(20)
155 36
+3 36
-6 12
+3 39
+9 18
+23 21
-32 63
+3 63
+4 58
+2 116
+3 84
+1 48
+1 48
+1 30
+2 11
+2 22
+6 14
+3 8
+1 12
-20 15
+12 4
+2 4
+1 4
-2 4
-1 4
+2 8
-2 4
+3 4
-2 12
+2 12
+11 2
-9 12

fn=(56) get_common_cache_info.constprop.0
571 11
+17 1
+1 1
+9 1
-12 1
+2 1
+2 1
+8 1
-11 1
+3 1
+11 2
-5 3
+17 1
+5 3
+4 2
770 5
+1 5
+4 2
+8 1
-1 1
+1 1
+1 1
+1 7
627 5
+3 6
-32 5
+75 4
+8 5
+2 2
-2 1
+6 3
+3 1
+1 5
-4 4
+21 2
-21 4
+2 1
+2 4
-4 1
+6 4
+3 2
+5 1
+2 2
+1 1
+1 1
-2 2
+1 1
-19 4
+46 2
+1 1
+1 2
+1 1
+25 3
630 3
+10 6
+14 2
+4 1
+3 1
+1 1
-4 2
+3 3
+6 4
-37 12
+7 6
-7 3
+7 2
+3 20
+5 2
+4 1
+1 1
-1 2
+1 1
+61 2
+7 1
+2 2
-16 1
+22 1
-6 2
+1 1
+5 1
-30 5

fn=(50) handle_intel.constprop.0
255 24
-5 12
+17 12
-17 96
+11 12
+1 12
+5 36
+4 24
+34 96
-29 12
+3 24
-3 12
+3 36
cfn=(52)
calls=12 123 
* 4092
+2 24
+3 60
cfn=(52)
calls=12 123 
* 1272
+2 24

fl=(16) ./elf/../sysdeps/x86/cpu-features.c
fn=(36) init_cpu_features.constprop.0
682 1
+17 1
-17 7
+3 1
+1 1
+1 1
+3 1
+9 2
+3 6
1001 3
+1 2
+3 2
+1 2
+6 1
+1 1
+1 1
+1 1
fi=(20)
792 1
+1 1
+2 1
+14 2
+85 1
+1 1
+15 1
-5 1
+5 1
-10 1
-6 1
+2 1
+14 1
-15 1
+2 1
-1 1
+2 1
-1 1
+2 1
-1 1
+1 1
+2 1
+1 1
+1 1
+1 1
+35 2
-15 3
+8 2
+27 6
+9 2
+19 2
+8 6
cfi=(11)
cfn=(28)
calls=1 387 
* 23
* 1
+2 2
+3 4
cfi=(11)
cfn=(28)
calls=1 387 
* 23
* 1
+2 2
+3 4
cfi=(11)
cfn=(28)
calls=1 387 
* 23
* 1
+1 5
+16 2
-12 5
cfi=(11)
cfn=(28)
calls=1 387 
* 23
* 1
+1 3
+6 3
+3 1
-3 2
cfi=(11)
cfn=(28)
calls=1 387 
* 23
* 1
+3 5
-3 1
+3 5
cfi=(11)
cfn=(58)
calls=1 153 
* 62
+1 10
cfi=(11)
cfn=(58)
calls=1 153 
* 62
+1 11
cfi=(11)
cfn=(58)
calls=1 153 
* 62
+3 10
cfi=(11)
cfn=(58)
calls=1 153 
* 62
+2 10
cfi=(11)
cfn=(58)
calls=1 153 
* 62
+13 1
+2 1
fe=(16)
-23 1
fi=(20)
+21 1
+3 1
fe=(16)
-24 1
fi=(20)
+26 1
-5 1
+2 1
-2 1
+3 1
fe=(16)
-24 1
fi=(20)
+25 1
+3 1
-1 1
fe=(16)
-27 1
cfi=(11)
cfn=(28)
calls=1 387 
* 22
+3 4
cfi=(11)
cfn=(28)
calls=1 387 
* 24
+6 3
+54 1
-1 1
+1 1
+45 4
cfi=(11)
cfn=(28)
calls=1 387 
* 22
+2 4
cfi=(11)
cfn=(28)
calls=1 387 
* 22
+6 4
cfi=(11)
cfn=(28)
calls=1 387 
* 24
+7 8
fi=(20)
974 12
fe=(16)
+68 1
-1 2
+1 3
+44 3
+27 2
-10 2
+1 2
+2 3
+1 2
+2 3
+1 2
fi=(20)
811 2
cfn=(50)
calls=1 255 
* 455
+1 1
-1 1
+1 1
cfn=(50)
calls=1 255 
* 503
+1 1
-1 1
+1 1
cfn=(50)
calls=1 255 
* 530
+4 1
-4 1
+1 2
+3 1
cfn=(50)
calls=1 255 
* 476
+2 1
-2 1
+2 1
cfn=(50)
calls=1 255 
* 468
+3 1
-3 1
+1 2
+2 1
cfn=(50)
calls=1 255 
* 446
+2 1
-2 1
+2 1
cfn=(50)
calls=1 255 
* 447
+3 1
-2 1
-1 1
+3 1
cfn=(50)
calls=1 255 
* 494
+2 1
-2 1
+2 1
cfn=(50)
calls=1 255 
* 495
+1 1
+2 1
-3 1
+1 1
+2 1
cfn=(50)
calls=1 255 
* 521
+2 1
-2 1
+2 1
cfn=(50)
calls=1 255 
* 522
+2 1
-2 1
+2 1
cfn=(50)
calls=1 255 
* 523
+2 4
-2 1
+2 1
cfn=(56)
calls=1 571 
* 223
+93 1
-6 3
+6 1
-6 2
+6 2
-6 2
+6 2
-1 2
fe=(16)
708 6
cfn=(38) get_common_indices.constprop.0
calls=1 398 
* 74
376 3
+1 2
+1 6
+5 2
713 1
cfn=(42) update_active.constprop.0
calls=1 72 
* 222
+2 1
+2 1
1015 1
715 2
878 2
+7 2
+2 2
+4 2
+6 2
+2 1
706 2
-3 1
384 6
+5 2
+1 7
717 1
fi=(20)
987 1
-48 1
fe=(16)
717 1
fi=(20)
987 2
fe=(16)
717 6
+4 7
+78 1
-25 3
+92 2
+3 2
fi=(20)
+38 1
fe=(16)
-37 1
-89 2
+51 2

fn=(42)
72 8
+4 1
+10 1
+9 1
+9 1
-19 1
-1 1
+29 1
-4 1
-24 1
+9 1
+9 1
+9 1
-28 2
+25 1
-15 1
-9 1
+9 1
+9 1
+9 1
-3 1
+7 1
-13 1
+9 1
+4 2
-22 1
+22 2
-13 1
+6 1
+3 1
+5 1
+12 1
-8 1
-4 1
+7 1
-3 4
+1 1
+2 1
-2 2
+1 3
+5 1
+2 1
-2 4
+1 1
+1 1
-1 2
+1 1
-1 1
+3 2
+1 4
+14 2
356 2
+4 3
fi=(18) ./elf/../sysdeps/unix/sysv/linux/x86/dl-hwcap2.h
25 2
fi=(19) ./elf/../sysdeps/x86/get-isa-level.h
+5 1
-2 1
+2 3
fe=(16)
369 1
+1 8
151 2
+1 2
-1 5
+1 2
+2 3
+90 1
+1 1
-1 2
+17 4
+16 2
+5 1
-1 2
+4 4
+4 2
+4 3
+1 2
+3 1
-1 1
+9 1
-5 1
+2 1
-2 1
+5 1
+51 1
fi=(19)
31 1
fe=(16)
356 2
fi=(19)
32 3
+4 3
fe=(16)
158 4
+3 1
+3 2
+14 1
+2 1
+10 3
-12 1
+12 1
-12 1
+2 2
-2 1
+2 1
+8 1
-8 1
+6 3
+2 1
-2 1
+2 3
+7 5
fi=(19)
39 2
+1 4
-2 1
+7 4
+2 1
+1 2
+3 5
+2 4
+1 2
+1 2
+3 1
-1 1
+1 3
fe=(16)
171 1
-5 2
+4 1

fn=(38)
398 3
+4 4
+3 3
+5 2
-5 1
+5 1
-5 1
+4 1
+1 1
+1 4
+1 4
+1 3
+1 2
+7 2
+2 5
+5 1
-5 1
+5 1
-5 1
+5 1
-5 2
+5 1
+7 1
-7 4
+7 1
+1 3
+6 1
-6 4
+6 1
fi=(17) ./elf/../sysdeps/unix/sysv/linux/x86/dl-minsigstacksize.h
24 2
+3 2
+1 2
+37 3
+7 1
+2 1
fe=(16)
457 3

fl=(14)
fn=(30)
36 1
fi=(304) ./elf/../sysdeps/unix/sysv/linux/brk_call.h
-12 2
fe=(14)
+13 1
+1 2
+6 1
+1 1

fl=(43)
fn=(126)
132 170
+1 850
+5 170
+1 170
+3 100
+1 100
244 100
+1 100
+12 100
+3 100
+1 100
+12 100
+1 100
+13 100
+1 100
+2 100
+3 68
+3 136
+3 68
+1 68
+1 68
+1 68
+1 68
+1 68
+1 68
-6 30716
+1 30716
+1 30716
+1 30716
+1 30716
+1 30716
+1 30716
+3 100
+1 100
+1 100
+1 100
+5 100
+34 70
+2 70
+1 70
+39 70
+1 70
+2 70

fl=(163)
fn=(530) _dlfo_process_initial
474 2
+3 2
-3 6
+1 2
+3 4
+26 14
+1 6
+1 16
-1 32
+3 60
+3 56
-7 10
+27 2
-2 2
+2 6
-18 42
+3 14
-1 14
cfi=(164) ./elf/./dl-find_object.h
cfn=(528) _dl_find_object_from_map
calls=7 95 
* 441
+2 28

fn=(532) _dlfo_sort_mappings
536 1
+1 2
+3 4
+4 1
+1 1
-1 1
+1 2
-1 5
+1 5
-1 5
+1 22
+1 105
+3 6
-1 6
-3 63
+8 18
+1 12
-1 6
-13 12
+14 18
+1 12
-15 12
+17 1

fn=(526)
561 2
+3 1
-3 3
+5 2
+13 1
cfn=(530)
calls=1 474 
* 145
+1 1
-1 1
+1 1
fi=(28)
56 1
cfi=(27)
cfn=(78)
calls=1 -20 
* 30
fe=(163)
580 1
fi=(28)
56 1
fe=(163)
582 2
+3 2
+5 1
+1 1
cfn=(530)
calls=1 474 
* 614
+3 3
+10 4
-37 2
cfi=(164)
cfn=(528)
calls=1 95 
* 63
* 1
+29 2
cfn=(532)
calls=1 -60 
* 320
+3 6
+2 1

fl=(67)
fn=(568)
525 1
+1 4
-1 1
+3 1
-3 1
+3 1
cfi=(70)
cfn=(224)
calls=1 117 
* 6
+7 1
-6 1
+4 1
+2 1

fn=(222) _dl_cache_libcmp
357 44
+1 44
+32 44
-33 44
+1 98
+2 237
+2 237
-2 474
+20 464
+2 464
-12 193
+2 193
+14 193
+1 193
-29 386
+32 15
-28 10
+6 5
+2 5
-2 5
+1 5
-1 5
+1 5
-1 5
+2 15
+2 5
-3 5
+3 15
+2 10
+9 117

fn=(214)
403 50
+2 10
+3 15
+69 12
+5 5
205 5
482 10
+3 15
fi=(69) ./elf/../sysdeps/x86/dl-procinfo.h
39 10
+3 15
cfi=(31)
cfn=(90)
calls=5 +56 
* 125
* 20
fe=(67)
208 30
cfi=(11)
cfn=(28)
calls=5 387 
* 115
* 5
+12 5
-10 5
-2 5
+12 10
-7 25
+9 25
+1 5
-32 10
+36 5
-4 5
+4 10
-5 170
+1 34
-32 68
+36 34
-4 34
+4 68
+4 117
cfn=(222)
calls=39 357 
* 3170
+1 78
346 34
+3 16
220 32
347 18
220 46
+2 50
+20 10
+3 10
+2 20
cfn=(222)
calls=5 357 
* 365
* 10
-7 10
-30 15
+1 5
fi=(305) ./elf/../sysdeps/x86/dl-isa-level.h
28 10
fe=(67)
210 10
fi=(305)
28 5
fe=(67)
210 5
+1 5
-1 15
+76 15
fi=(305)
28 15
fe=(67)
259 10
+10 15
+1 20
+16 5
fi=(68) ./elf/../sysdeps/generic/dl-cache.h
125 5
fe=(67)
286 15
+9 10
+3 10
+3 5
+1 15
+28 10
500 10
+12 10
cfi=(22)
cfn=(62)
calls=5 57 
* 175
+1 5
-1 5
+1 60
+1 5
-1 5
+1 5
-1 5
+1 5
cfi=(29)
cfn=(82)
calls=5 210 
* 79
* 5
+1 5
cfi=(44)
cfn=(134)
calls=5 40 
* 499
+1 40
411 4
cfi=(52)
cfn=(216) _dl_sysdep_read_whole_file
calls=1 36 
* 103
* 1
+8 5
+1 8
+3 3
+1 1
-1 3
fi=(68)
194 1
+1 5
fe=(67)
431 1
+1 2

fl=(66) ./io/../sysdeps/unix/sysv/linux/fstatat64.c
fn=(212) fstatat
146 6
-55 6
+70 7
+1 1
-2 4
+1 4

fl=(13)
fn=(238) dfs_traversal.part.0
135 45
+10 5
-2 5
+2 10
+2 12
-7 22
+7 36
+9 10
+15 15
+1 5
+1 36
cfn=(239) dfs_traversal.part.0'2
calls=2 -38 
* 139
-26 10

fn=(239)
135 27
+10 3
-2 3
+2 6
+2 12
-7 16
+7 28
+9 6
+15 9
+1 3
+1 21
cfn=(239)
calls=1 -38 
* 41
-26 5

fn=(26)
289 2
+1 2
-1 2
+1 2
cfi=(11)
cfn=(28)
calls=1 +97 
* 24
+2 3
-1 1
+2 2

fn=(236)
298 12
+8 1
-8 1
+8 2
+4 8
-99 1
-28 1
-2 1
+1 2
+29 1
-28 4
+1 1
-1 1
+1 1
-1 2
+1 7
-1 7
+1 7
-1 14
+28 15
+8 3
-3 1
+2 1
+1 2
-3 1
+5 25
+2 8
-83 31
cfn=(238)
calls=5 -5 
* 350
+86 21
+18 4
+32 4
+7 1
+27 1
-47 3
cfi=(29)
cfn=(82)
calls=1 -53 
* 19
* 1

fl=(25)
fn=(70)
28 3
+1 3
+3 60
+13 50
-13 100
+2 104
+1 18
+5 2
-3 2
+3 2
+2 2

fl=(22)
fn=(62)
57 35
+44 35
+1 35
+1 35
+1 35
+1 35
+1 35
+1 35
+2 35
+2 35
+31 34
+1 34
+1 34
+1 34
+1 34
+1 13
+2 13
+4 21
+1 21
+1 21
+1 21
+1 21
+1 21
+1 21
+1 21
+1 21
+1 21
+1 21
+1 21
+5 168
+4 1
+1 14
+1 6
+15 1
+1 1
+1 2
+51 1
+1 1
+1 1
+1 1
+1 1
+1 1
+1 1
+1 1
+16 1
+2 1
+1 14
+2 1
+1 1
+1 1
+2 1

fl=(72)
fn=(232)
30 78
+4 6
+1 12
+10 12
+18 6
-17 6
+17 30

fl=(23)
fn=(64)
37 4
+3 1
-3 2
+21 2
+4 2
+16 5

fl=(78)
fn=(266)
207 99
+1 18
+12 8
+4 32
-4 8
+6 24
+3 8
-1 8
+1 16
+22 40
+4 10
+7 15
fi=(6)
81 26
+6 12
+4 9
+17 3
-11 3
+11 6
+21 6
+5 12
-2 6
fi=(4)
-53 3
fe=(78)
301 6
fi=(4)
79 6
fe=(78)
301 6
fi=(4)
79 5
fe=(78)
301 10
fi=(4)
79 10
fe=(78)
301 9893
fi=(4)
79 2
fe=(78)
301 2
fi=(4)
79 4
fe=(78)
301 346
-80 16
fi=(6)
393 16
fe=(78)
190 8
+31 8
-31 8
fi=(6)
393 24
fi=(5)
49 8
fe=(78)
301 8
fi=(5)
50 8
+30 8
-31 16
+4 8
-3 8
+3 8
-3 8
+3 24
+27 16
-31 8
fe=(78)
301 8
fi=(5)
50 8
+30 8
-31 16
+4 8
-3 8
+3 8
-3 8
+3 24
+27 16
-7 3
-1 3
+11 24
fi=(6)
514 5204
+4 5204
+3 7806
+1 2602
fi=(5)
83 7806
+2 10408
+11 18
fe=(78)
301 48
fi=(5)
51 8
fi=(4)
+28 40
fi=(6)
730 16
+4 8
fe=(78)
304 40
+24 8
+3 16
+17 24
+2 72
-98 16
+3 6
+7 3
-9 3
+9 6
fi=(6)
81 6
fi=(5)
+33 39
+9 27
+1 5
fi=(6)
498 5
fi=(5)
124 5
fi=(6)
498 10
fi=(5)
124 16153
fi=(6)
498 16153
fi=(5)
124 16153
fi=(6)
498 32306
+5 32316
+1 16158
fi=(5)
123 16158
fi=(6)
504 16158
-5 16158
fi=(5)
123 32316
+3 39
+3 44
+2 40
fe=(78)
+59 14
fi=(5)
73 7
fe=(78)
190 7
fi=(5)
72 7
fe=(78)
190 63
fi=(5)
-57 14
+1 7
+1 7
-2 7
+2 7
+3 7
-5 7
+2 7
-2 7
+1 14
+2 7
-2 7
+2 21
+2 14
-5 29922
+1 14961
+1 14961
-2 14961
+2 14961
+3 14961
-5 14961
+2 14961
-2 14961
+1 29922
+2 14961
-2 14961
+2 44883
+2 29922
+9 14900
fi=(6)
267 29800
+7 29800
+4 29800
fe=(78)
170 59600
fi=(4)
-30 44646
fe=(78)
+31 29764
+3 29764
+8 26026
-8 117105
+12 26022
-3 13011
+1 13011
+2 52048
-3 2
+1 2
+2 13021
+1 13013
-1 13013
+2 26026
-1 52052
+3 78078
cfi=(79)
cfn=(274)
calls=13013 772 
* 7003401
+3 13013
+1 26026
-4 13013
+4 65065
fi=(6)
+93 59513
+3 14867
-3 44619
+3 14885
-3 14885
+5 29796
+25 89400
423 43644
fi=(5)
150 43644
fi=(6)
423 664
fi=(5)
150 1036
-19 59893
+33 28
+1 72
+1 252
+3 136
+4 68
-1 68
-3 68
+2 136
+2 68
-2 136
fe=(78)
-1 272
fi=(6)
287 68
+3 68
-3 68
+4 136
476 136
+2 68
cfi=(15)
cfn=(546) __x86_cpu_features
calls=1 71 
* 6
cob=(3)
cfi=(162) ./math/../sysdeps/x86_64/fpu/multiarch/s_sincos.c
cfn=(520) sincos
calls=1 26 
* 8
cob=(3)
cfi=(146) ./math/../sysdeps/x86_64/fpu/multiarch/s_sin.c
cfn=(516) sin
calls=1 27 
* 9
cob=(3)
cfi=(161) ./math/../sysdeps/x86_64/fpu/multiarch/e_atan2.c
cfn=(512) __atan2_finite@GLIBC_2.15
calls=1 26 
* 9
cob=(3)
cfi=(160) ./math/../sysdeps/x86_64/fpu/multiarch/e_exp2f.c
cfn=(508) exp2f@@GLIBC_2.27
calls=1 27 
* 9
cob=(3)
cfi=(159) ./math/../sysdeps/x86_64/fpu/multiarch/s_expm1.c
cfn=(504) expm1
calls=1 26 
* 9
cob=(3)
cfi=(156) ./math/../sysdeps/x86_64/fpu/multiarch/e_asin.c
cfn=(500) __asin_finite@GLIBC_2.15
calls=1 27 
* 8
cob=(3)
cfi=(158) ./math/../sysdeps/x86_64/fpu/multiarch/s_fma.c
cfn=(498) fma
calls=1 49 
* 6
cob=(3)
cfi=(157) ./math/../sysdeps/x86_64/fpu/multiarch/s_sinf.c
cfn=(494) sinf
calls=1 26 
* 9
cob=(3)
cfi=(156)
cfn=(490) __acos_finite@GLIBC_2.15
calls=1 35 
* 8
cob=(3)
cfi=(155) ./math/../sysdeps/x86_64/fpu/multiarch/e_log.c
cfn=(486) __log_finite@GLIBC_2.15
calls=1 27 
* 9
cob=(3)
cfi=(154) ./math/../sysdeps/x86_64/fpu/multiarch/s_log1p.c
cfn=(482) __log1p
calls=1 26 
* 9
cob=(3)
cfi=(153) ./math/../sysdeps/x86_64/fpu/multiarch/e_log2f.c
cfn=(478) log2f@@GLIBC_2.27
calls=1 27 
* 9
cob=(3)
cfi=(151) ./math/../sysdeps/x86_64/fpu/multiarch/e_pow.c
cfn=(474) __pow_finite@GLIBC_2.15
calls=1 27 
* 8
cob=(3)
cfi=(150) ./math/../sysdeps/x86_64/fpu/multiarch/e_powf.c
cfn=(470) powf@@GLIBC_2.27
calls=1 30 
* 9
cob=(3)
cfi=(149) ./math/../sysdeps/x86_64/fpu/multiarch/s_sincosf.c
cfn=(466) sincosf
calls=1 26 
* 9
cob=(3)
cfi=(148) ./math/../sysdeps/x86_64/fpu/multiarch/e_log2.c
cfn=(462) log2@@GLIBC_2.29
calls=1 27 
* 9
cob=(3)
cfi=(147) ./math/../sysdeps/x86_64/fpu/multiarch/e_logf.c
cfn=(458) logf@@GLIBC_2.27
calls=1 27 
* 9
cob=(3)
cfi=(146)
cfn=(454) cos
calls=1 34 
* 9
cob=(3)
cfi=(145) ./math/../sysdeps/x86_64/fpu/multiarch/e_expf.c
cfn=(450) expf@@GLIBC_2.27
calls=1 27 
* 9
cob=(3)
cfi=(143) ./math/../sysdeps/x86_64/fpu/multiarch/e_exp.c
cfn=(446) __exp_finite@GLIBC_2.15
calls=1 27 
* 9
cob=(3)
cfi=(141) ./math/../sysdeps/x86_64/fpu/multiarch/s_cosf.c
cfn=(442) cosf
calls=1 26 
* 9
cob=(2)
cfi=(140) ./string/../sysdeps/x86_64/multiarch/strncase.c
cfn=(436) strncasecmp
calls=1 31 
* 21
cob=(2)
cfi=(139) ./string/../sysdeps/x86_64/multiarch/mempcpy.c
cfn=(432) mempcpy
calls=1 33 
* 22
cob=(2)
cfi=(138) ./wcsmbs/../sysdeps/x86_64/multiarch/wcpcpy.c
cfn=(428) wcpncpy
calls=1 31 
* 18
cob=(2)
cfi=(137) ./string/../sysdeps/x86_64/multiarch/strspn.c
cfn=(426) strspn
calls=1 29 
* 7
cob=(2)
cfi=(135) ./string/../sysdeps/x86_64/multiarch/memchr.c
cfn=(422) memchr
calls=1 29 
* 23
cob=(2)
cfi=(134) ./string/../sysdeps/x86_64/multiarch/memmove.c
cfn=(418) memmove
calls=1 29 
* 22
cob=(2)
cfi=(133) ./string/../sysdeps/x86_64/multiarch/stpcpy.c
cfn=(414) stpcpy
calls=1 33 
* 17
cob=(2)
cfi=(132) ./debug/../sysdeps/x86_64/multiarch/memmove_chk.c
cfn=(410) __memmove_chk
calls=1 29 
* 22
cob=(2)
cfi=(130) ./wcsmbs/../sysdeps/x86_64/multiarch/wmemcmp.c
cfn=(406) wmemcmp
calls=1 29 
* 24
cob=(2)
cfi=(129)
cfn=(402)
calls=1 29 
* 19
cob=(2)
cfi=(128) ./string/../sysdeps/x86_64/multiarch/strlen.c
cfn=(398) strlen
calls=1 29 
* 25
cob=(2)
cfi=(101) ./wcsmbs/../sysdeps/x86_64/multiarch/wcscat.c
cfn=(394) wcscat
calls=1 31 
* 18
cob=(2)
cfi=(127) ./string/../sysdeps/x86_64/multiarch/strcasecmp_l.c
cfn=(390) strcasecmp_l
calls=1 31 
* 21
cob=(2)
cfi=(126) ./string/../sysdeps/x86_64/multiarch/strcpy.c
cfn=(386) strcpy
calls=1 29 
* 17
cob=(2)
cfi=(124) ./wcsmbs/../sysdeps/x86_64/multiarch/wmemset.c
cfn=(382) wmemset
calls=2 31 
* 20
cob=(2)
cfi=(122) ./string/../sysdeps/x86_64/multiarch/memcmp.c
cfn=(378) bcmp
calls=1 29 
* 24
cob=(2)
cfi=(121) ./string/../sysdeps/x86_64/multiarch/strchrnul.c
cfn=(374) strchrnul
calls=1 31 
* 25
cob=(2)
cfi=(120) ./string/../sysdeps/x86_64/multiarch/strncase_l.c
cfn=(370) strncasecmp_l
calls=1 31 
* 21
cob=(2)
cfi=(118) ./string/../sysdeps/x86_64/multiarch/strcat.c
cfn=(366) strcat
calls=1 29 
* 17
cob=(2)
cfi=(117) ./wcsmbs/../sysdeps/x86_64/multiarch/wcscpy.c
cfn=(364) wcscpy
calls=1 60 
* 16
cob=(2)
cfi=(116) ./string/../sysdeps/x86_64/multiarch/strcspn.c
cfn=(362) strcspn
calls=1 29 
* 7
cob=(2)
cfi=(114) ./string/../sysdeps/x86_64/multiarch/strcasecmp.c
cfn=(358) strcasecmp
calls=1 31 
* 21
cob=(2)
cfi=(113) ./string/../sysdeps/x86_64/multiarch/strncmp.c
cfn=(356) strncmp
calls=1 67 
* 21
cob=(2)
cfi=(111) ./wcsmbs/../sysdeps/x86_64/multiarch/wmemchr.c
cfn=(352) wmemchr
calls=2 31 
* 46
cob=(2)
cfi=(109) ./string/../sysdeps/x86_64/multiarch/stpncpy.c
cfn=(348) stpncpy
calls=1 31 
* 19
cob=(2)
cfi=(108) ./wcsmbs/../sysdeps/x86_64/multiarch/wcscmp.c
cfn=(344) wcscmp
calls=1 30 
* 25
cob=(2)
cfi=(107) ./string/../sysdeps/x86_64/multiarch/strrchr.c
cfn=(340) rindex
calls=1 28 
* 25
cob=(2)
cfi=(105) ./debug/../sysdeps/x86_64/multiarch/memset_chk.c
cfn=(336) __memset_chk
calls=1 29 
* 24
cob=(2)
cfi=(104) ./string/../sysdeps/x86_64/multiarch/strchr.c
cfn=(334) index
calls=1 65 
* 19
cob=(2)
cfi=(101)
cfn=(328) wcschr
calls=2 31 
* 50
cob=(2)
cfi=(99) ./string/../sysdeps/x86_64/multiarch/memcmpeq.c
cfn=(324) memcpy@@GLIBC_2.14
calls=1 29 
* 22
cob=(2)
cfi=(97) ./wcsmbs/../sysdeps/x86_64/multiarch/wcsncpy.c
cfn=(320) wcsncpy
calls=1 31 
* 18
cob=(2)
cfi=(96) ./string/../sysdeps/x86_64/multiarch/memrchr.c
cfn=(316) memrchr
calls=1 29 
* 25
cob=(2)
cfi=(95) ./debug/../sysdeps/x86_64/multiarch/memcpy_chk.c
cfn=(312) __memcpy_chk
calls=1 29 
* 22
cob=(2)
cfi=(93) ./debug/../sysdeps/x86_64/multiarch/mempcpy_chk.c
cfn=(308) __mempcpy_chk
calls=1 29 
* 22
cob=(2)
cfi=(92) ./wcsmbs/../sysdeps/x86_64/multiarch/wcslen.c
cfn=(304) wcslen
calls=1 29 
* 19
cob=(2)
cfi=(90) ./string/../sysdeps/x86_64/multiarch/memset.c
cfn=(300) memset
calls=1 29 
* 24
cob=(2)
cfi=(88) ./wcsmbs/../sysdeps/x86_64/multiarch/wcsnlen.c
cfn=(296) wcsnlen
calls=1 30 
* 19
cob=(2)
cfi=(87) ./string/../sysdeps/x86_64/multiarch/strcmp.c
cfn=(294) strcmp
calls=1 79 
* 19
cob=(2)
cfi=(86) ./string/../sysdeps/x86_64/multiarch/strpbrk.c
cfn=(292) strpbrk
calls=1 29 
* 7
cob=(2)
cfi=(84) ./string/../sysdeps/x86_64/multiarch/strnlen.c
cfn=(288) strnlen
calls=2 31 
* 50
cob=(2)
cfi=(82) ./string/../sysdeps/x86/cacheinfo.c
cfn=(284) __x86_cacheinfo
calls=1 86 
* 28
fi=(5)
165 68
fi=(6)
479 68
fi=(5)
165 145
-14 126
fi=(6)
400 51
+2 68
+4 17
+9 17
-9 34
+9 17
fi=(5)
150 34
fi=(6)
320 42
+3 42
+23 6
+1 9
fi=(5)
150 6
fi=(6)
287 90
fi=(5)
141 68
+1 68
-1 204
+2 68
fi=(6)
287 340
fe=(78)
175 16821
+3 1869
-1 1869
+19 1869
-18 3738
fi=(6)
295 26
+1 39
+11 26
+7 13
cob=(2)
cfi=(95)
cfn=(312)
calls=1 29 
* 22
cob=(2)
cfi=(128)
cfn=(398)
calls=2 29 
* 50
cob=(3)
cfi=(145)
cfn=(450)
calls=2 27 
* 18
cob=(2)
cfi=(134)
cfn=(418)
calls=2 29 
* 44
cob=(2)
cfi=(90)
cfn=(300)
calls=2 29 
* 48
cob=(2)
cfi=(122)
cfn=(378)
calls=2 29 
* 48
cob=(2)
cfi=(99)
cfn=(324)
calls=2 29 
* 44
* 52
fe=(78)
-13 9
+55 40
+3 8
-3 8
+3 8
+4 16
+1 32
cfi=(70)
cfn=(226)
calls=8 117 
* 48
* 16
-63 9
fi=(5)
180 7
fe=(78)
+10 2
fi=(5)
73 1
fe=(78)
190 3
fi=(6)
436 7
fi=(5)
182 2
+1 2
-1 1
+3 1
-3 4
+3 2
-3 10
+1 10
-1 5
+3 5
-3 20
+3 10
+8 6
fi=(6)
+74 12
+7 12
+4 12
fe=(78)
170 24
fi=(4)
-30 18
fe=(78)
+31 12
+3 12
+8 12
-8 54
+12 12
-3 6
+1 6
+2 36
+4 24
-4 6
+4 18
cfi=(79)
cfn=(274)
calls=6 772 
* 3822
+3 6
+1 12
-4 6
+4 30
fi=(6)
+93 20
+3 2
-3 6
+3 2
-3 2
+5 4
+25 36
423 6
fi=(5)
196 18
-16 24
+31 7
fe=(78)
-33 1869
-3 5607

fl=(53)
fn=(168)
28 28
+3 14
-3 28
+3 84
+8 98
+2 14
-2 21
+2 14

fl=(51)
fn=(158)
31 18
+2 18
+9 18
+1 36
+1 18
+4 18
+1 18
+1 18
+1 18
+1 18
+2 36
+2 18
+1 18
+1 18
+2 36
+2 18
+8 18
+3 18
+1 18
+7 18
+1 18

fl=(70)
fn=(224)
117 15
+5 3

fn=(226)
117 45
+5 9

fl=(164)
fn=(528)
95 16
+1 16
+1 8
+6 40
+1 232
+1 160
+2 24
+5 8

fl=(65)
fn=(210)
28 6
+1 12
cfi=(66)
cfn=(212)
calls=3 146 
* 28

fl=(168) ./elf/./elf/dl-lookup-direct.c
fn=(544) _dl_lookup_direct
74 30
+2 3
-2 6
+4 3
-4 3
+2 3
+2 9
+37 3
-37 9
+1 6
+2 12
+3 25
+2 6
-54 3
+54 3
-54 3
+54 3
-54 9
+1 9
+2 6
+1 6
+12 9
+3 3
+2 6
-2 3
+2 9
cfi=(31)
cfn=(90)
calls=3 +45 
* 209
* 6
+4 6
+1 3
-1 3
+1 18
+1 9
cfi=(31)
cfn=(90)
calls=3 +39 
* 198
* 6
+57 27
-23 6

fl=(42) ./string/../sysdeps/x86_64/multiarch/../multiarch/memcmp-sse2.S
fn=(118) bcmp
59 1
+12 1
+1 1
+22 1
+1 1
+45 1
+1 1
+2 1
+1 1
+2 1
+1 1
+2 1
+1 1
+47 1
+1 1
+1 1
+1 1
+1 1
+1 1

fl=(8)
fn=(14)
25 8
+3 8
-3 8
+3 16
+3 24
+1 16
+2 8
-1 8
+3 24
+1 8
+1 16
+7 8
-5 8
-2 8
+3 16
+2 8
+2 16
+5 8

fl=(186)
fn=(892)
71 40
+5 40
+3 40
+2 40
+10 40
+6 40
+1 40
+1 40
+1 40
+1 40
+1 40
+1 40
+4 40
+1 40
+3 40
+1 40
+2 40
+1 40
+1 40
+1 40
+1 40
+1 40
+2 40
+7 40
+1 40
+1 40
cfi=(187)
cfn=(894)
calls=40 -84 
* 29919
+1 40
+5 40
+1 40
+1 40
+2 40
+1 40
+1 40
+1 40
+1 40
+1 40
+1 40
+2 40
+2 40
+4 40
+2 40

fl=(169)
fn=(548)
27 1
+2 2
-2 1
+6 3
-6 3
+6 1
-6 2
+6 1
cfi=(168)
cfn=(544)
calls=1 +41 
* 225
+4 2
+2 3
+2 1
-1 1
-1 1
+2 2
-1 1
cob=(2)
cfi=(170) ./elf/./elf/libc_early_init.c
cfn=(550) __libc_early_init
calls=1 -7 
* 353

fl=(49)
fn=(152)
32 6
+1 3
+1 2
+5 6
+1 4
+1 4
+1 4
+2 1
+3 3
+1 2
-1 6
+1 4
+3 4
+1 4
+1 4
+1 4
+2 3
+6 1
-1 1
+1 1
+2 2
-1 2
+2 1
+2 6
-5 11
-1 11
+1 11
+2 22
-1 22
+2 11
+2 66
+2 1
+1 3
+1 2
-1 1
+1 1

fl=(52)
fn=(164)
68 1274
+1 364
cfi=(31)
cfn=(90)
calls=182 +29 
* 5877
* 364
+3 182
+2 364
+6 177
-6 354
+1 615
cfi=(31)
cfn=(90)
calls=205 +23 
* 6965
* 410
+8 28
-13 28
+13 238
-1 154
+1 462

fn=(216)
36 2
+3 1
-3 7
+3 1
-3 2
+3 1
cfi=(53)
cfn=(168)
calls=1 -11 
* 20
+1 2
+23 8
-21 4
cfi=(55)
cfn=(174)
calls=1 -12 
* 6
* 2
+2 2
+3 2
+13 2
cfi=(62)
cfn=(194)
calls=1 -35 
* 6
* 1
-11 6
cfi=(57)
cfn=(178)
calls=1 -2 
* 26
* 2

fl=(167)
fn=(542)
30 2
+10 3
-10 3
+10 1
-10 1
+10 1
-10 1
+7 1
+3 2
cfi=(168)
cfn=(544)
calls=1 +34 
* 233
+4 2
+1 8
+2 3
-2 1
+2 3
cfi=(168)
cfn=(544)
calls=1 +27 
* 223
+4 2
+1 7
+1 6

fl=(1) ???
fn=(0) 0x000000000001f540
0 2
cfi=(2)
cfn=(2)
calls=1 517 
0 8970615
0 8
cfi=(77)
cfn=(574)
calls=1 331 
0 4
0 10
cfi=(177)
cfn=(578)
calls=1 81 
0 301556
0 3
cob=(9) /workspace/base-model-2/inference/target/release/bitmamba-inference
cfi=(263) ???
cfn=(1504) (below main)
calls=1 0 
0 541593

fl=(15)
fn=(34)
37 1
+2 3
+2 1
cfi=(16)
cfn=(36)
calls=1 682 
* 7344

fn=(546)
71 1
-32 3
+32 2

fl=(37)
fn=(104)
172 6
+3 1
-3 3
+3 1
-3 5
+2 1
cfi=(38) ./elf/../sysdeps/x86_64/dl-hwcaps-subdirs.c
cfn=(106) _dl_hwcaps_subdirs_active
calls=1 29 
* 49
+1 1
fi=(40) ./elf/./dl-hwcaps.h
43 1
fe=(37)
174 1
fi=(40)
45 2
+32 1
+1 1
+1 1
fe=(37)
-27 2
cfi=(39) ./elf/./elf/dl-hwcaps_split.c
cfn=(110) _dl_hwcaps_split_masked
calls=1 -1 
* 23
* 2
fi=(40)
-9 1
+2 1
-2 1
+34 2
+1 2
+1 1
fe=(37)
-24 2
-1 2
+1 2
+1 2
+1 2
-5 4
cfi=(39)
cfn=(110)
calls=2 -1 
* 130
* 2
cfi=(39)
cfn=(110)
calls=1 -1 
* 125
* 6
+48 4
fi=(28)
-44 2
cfi=(27)
cfn=(78)
calls=1 -20 
* 30
fe=(37)
+46 2
-2 1
+2 1
+3 1
+3 1
fi=(40)
-65 1
+2 1
fe=(37)
+67 1
fi=(40)
-66 1
fe=(37)
+66 2
cfi=(39)
cfn=(116) _dl_hwcaps_split
calls=1 -87 
* 13
* 2
fi=(40)
-69 1
+2 1
-2 1
+34 2
+1 2
+1 1
fe=(37)
+48 10
+1 4
+1 2
+1 2
-1 2
-4 4
cfi=(39)
cfn=(110)
calls=2 -74 
* 130
* 2
cfi=(39)
cfn=(110)
calls=1 -74 
* 125
* 6
+8 3
+9 5
+3 8
-2 6
+14 1
+4 1
+1 1
+1 1
-20 3
+19 1
+1 1
-20 2
+8 2
+4 2
-4 3
+4 2
cfi=(42)
cfn=(118)
calls=1 -96 
* 19
+1 3
-14 8
+47 1
-4 2
+4 2
-3 1
+7 1
-7 2
+7 1
fi=(28)
56 1
cfi=(27)
cfn=(78)
calls=1 -20 
* 30
* 1
fe=(37)
194 2
+8 1
fi=(40)
43 1
fe=(37)
201 1
80 1
fi=(40)
-35 1
fe=(37)
+35 1
202 1
fi=(40)
77 1
+1 1
fe=(37)
202 3
fi=(40)
79 1
fe=(37)
-2 2
cfi=(39)
cfn=(110)
calls=1 -26 
* 23
* 2
fi=(40)
-34 1
+2 1
fe=(37)
+35 2
fi=(40)
-37 1
+34 2
+1 2
+1 3
fe=(37)
+1 4
+7 2
-7 8
cfi=(29)
cfn=(122)
calls=2 197 
* 26
+4 2
+2 2
+2 2
-2 4
-9 4
cfi=(39)
cfn=(110)
calls=2 -26 
* 130
* 2
cfi=(39)
cfn=(110)
calls=1 -26 
* 125
* 6
213 2
-5 1
+1 1
-1 1
+5 1
+3 9

fl=(62)
fn=(194)
25 7
+1 28
+1 7

fl=(24)
fn=(86)
42 16
+2 32

fn=(68)
53 3
+3 8
+5 1
-5 1
+5 1
+1 1
-6 1
+8 1

fn=(260)
68 2
fi=(306) ./elf/../include/list.h
-24 1
fe=(24)
+24 3
fi=(306)
-25 1
fe=(24)
+26 1
+3 1
fi=(306)
-29 1
+1 1
+1 1
+2 1
fe=(24)
+28 4
+1 2
+1 1
+5 2
+5 1
+6 1
-3 1
+3 1
-6 3
+6 1
+12 4
cfi=(11)
cfn=(28)
calls=1 387 
* 24
fi=(76) ./elf/../sysdeps/unix/sysv/linux/rseq-internal.h
-73 3
+8 1
fe=(24)
+81 3
+7 2
+1 3
fi=(76)
-95 7
+3 2
fe=(24)

fl=(45)
fn=(140)
56 3
+3 2
+4 1
+22 1
+10 1
-32 2
+1 1
+21 2
+5 2
+1 1
+4 1
-4 1
-1 1
+2 1
+3 1
+4 2
+8 2
-50 1
+4 2
+35 6

fn=(196)
38 7
+3 7
-1 14
+4 14
+4 7

fn=(146)
116 2
+1 2

fl=(71)
fn=(230)
25 4
+1 8
+1 2

fl=(38)
fn=(106)
29 1
fi=(19)
+2 1
fe=(38)
+7 1
fi=(19)
-8 4
fe=(38)
+22 1
fi=(19)
-20 3
+4 1
fe=(38)
+2 1
fi=(19)
-2 2
+3 4
+1 4
+5 1
fe=(38)
-7 1
fi=(19)
+7 3
fe=(38)
-2 1
fi=(19)
+5 2
+3 5
+2 4
+1 2
+1 2
+3 1
fe=(38)
-10 1
fi=(19)
+10 3
fe=(38)

fl=(46)
fn=(256)
417 7
+2 1
+11 1
+1 1
fi=(28)
56 1
cfi=(27)
cfn=(78)
calls=1 -20 
* 85
fe=(46)
432 2
+8 3
fi=(28)
44 1
fe=(46)
440 2
+5 1
-5 1
+1 1
+4 304
+19 1
-99 1
+4 1
+1 1
fi=(28)
44 1
cfi=(27)
cfn=(74)
calls=1 +36 
* 41
fe=(46)
371 2
+3 1
+6 2
+90 7

fn=(228)
125 4
+16 4
-13 4
-3 12
+3 4
+55 4
-2 4
+5 4
+1 8

fn=(1406)
626 310
+1 62
365 31
fi=(28)
44 31
fe=(46)
369 31
+1 31
fi=(28)
44 31
cob=(2)
cfi=(193)
cfn=(980)
calls=31 3699 
* 8277
fe=(46)
371 62
+9 31
-6 31
+6 62
534 62
cob=(2)
cfi=(201)
cfn=(1018)
calls=31 77 
* 1364
+3 93
+12 31
+24 31
-42 31
-1 62
+24 248
+9 465
+1 310
+6 465
+3 155
-2 155
+6 155
-6 155
+2 155
+4 155
-4 465
+3 310
+4 310
+1 620
+2 310
+1 155
+19 620
-19 155
+19 155
-10 155
+10 310
cfi=(29)
cfn=(122)
calls=155 197 
* 2015
* 930
cfi=(43)
cfn=(126)
calls=155 132 
* 211482
-49 155
+55 465
-55 620
+6 372
+55 62
cob=(2)
cfi=(206)
cfn=(1102)
calls=31 367 
* 1147
+3 31
+2 31
+10 248

fn=(142)
192 1
+2 2
+1 1
+15 2

fn=(524)
523 11
+1 2
+4 1
+6 1
-6 1
+6 1
cfi=(24)
cfn=(86)
calls=1 42 
* 3
+3 3
+12 1
-18 1
+42 3
-19 12
+9 15
+1 10
+6 15
+3 5
-2 5
+2 5
-2 5
+2 20
+4 5
-4 5
+4 5
-1 10
+4 10
+1 20
+2 10
+1 10
+17 5
-8 5
+8 5
+2 20
cfi=(29)
cfn=(122)
calls=5 197 
* 65
* 30
cfi=(43)
cfn=(126)
calls=5 132 
* 6822
-49 5
+55 5
-55 20
+6 13
+55 2
cfi=(24)
cfn=(86)
calls=1 42 
* 3
+3 2
+3 9

fn=(252)
97 2
+3 1
-3 3
+3 1
-3 1
+3 1
-3 1
+3 1
-3 1
+3 1
cfi=(11)
cfn=(28)
calls=1 387 
* 23
* 1
+1 4
cfi=(11)
cfn=(28)
calls=1 387 
* 23
+1 1
+2 1
-3 1
+1 2
+2 3
+3 1
+2 1
-26 3
+28 3
+1 6

fn=(440)
1017 40
+9 5
-9 5
+6 5
+4 5
+4 15
+34 10
+3 10
+1 15
+3 30

fn=(254)
216 9
+6 4
+3 2
+36 3
+2 1
-2 1
-2 1
-40 1
-1 1
-1 1
+46 2
+23 15
+3 5
-3 25
+2 10
+6 5
-33 10
+20 5
-20 25
+2 10
+3 5
-1 5
+5 10
-5 5
+1 5
-1 5
+3 10
+2 15
+32 2
-1 1
+53 1
-52 5
+2 2
+51 8

fl=(27)
fn=(138)
97 1
+2 4

fn=(78)
36 352
+1 132
+11 129
+3 43
-3 43
+3 86
-3 2
+3 1
-3 1
+3 166
+19 44
+1 44
+2 264
-17 12
+1 6
+2 3
+1 21
cfi=(57)
cfn=(178)
calls=3 -13 
* 78
* 3
+2 6
+2 12
cfi=(58)
cfn=(180)
calls=3 -31 
* 61
+1 9
+2 3
+4 3
-4 6
-24 1
-1 1
+1 1
+1 2
-2 2

fn=(74)
80 16
+4 16
-4 64
+7 16
+1 48
fi=(28)
-32 16
cfi=(27)
cfn=(78)
calls=16 -20 
* 587
fe=(27)

fl=(39)
fn=(116)
25 5
+1 3
+21 1
-20 1
+20 3

fn=(110)
51 110
-25 44
+36 5
-7 5
+7 35
-26 24
+5 27
cfi=(41)
cfn=(114)
calls=9 -9 
* 216
* 9
+1 18
+3 6
+11 12
+1 18
+1 12
-2 6
+1 9
+1 6
-28 24
+4 48
+1 12
-1 30
+24 6
+9 12
-5 6
-2 6
+2 42
-19 6
cfi=(22)
cfn=(62)
calls=3 +14 
* 51
* 6

fl=(74)
fn=(244)
392 7
+4 5
-2 1
+4 48
cfn=(246) _dl_check_map_versions
calls=8 155 
* 31740
-2 8
+2 24
-1 8
-1 16
+5 7

fn=(246)
155 80
+15 24
+2 40
+2 8
+1 8
+2 16
+3 12
-16 12
+20 6
-4 6
-24 6
+28 42
+16 12
36 6
200 6
36 42
200 20
36 10
200 10
36 70
+1 84
-1 168
+2 300
cfi=(52)
cfn=(164)
calls=100 +30 
* 9480
* 216
208 48
+5 16
fi=(307) ./elf/../sysdeps/generic/_itoa.h
76 48
fe=(74)
213 32
+4 32
+1 32
-1 32
+4 16
-3 16
+3 16
-3 48
-1 120
+1 120
-1 120
+4 60
-3 60
+3 60
-3 280
56 304
+8 228
+6 228
+16 76
+1 152
+2 76
+5 532
+14 2222
+12 3105
+4 1035
-30 2070
231 304
+3 228
+5 60
-24 60
110 76
+3 380
cfi=(31)
cfn=(90)
calls=76 -15 
* 3092
* 228
224 228
+1 3
cfi=(31)
cfn=(90)
calls=1 98 
* 71
* 2
+3 34
+15 48
+5 10
-50 10
+59 30
+3 10
+3 35
+3 20
+4 5
-7 20
+3 15
+4 81
-7 324
+3 248
+8 15
+6 14
fi=(28)
44 7
fe=(74)
280 14
fi=(28)
44 7
cfi=(27)
cfn=(74)
calls=7 +36 
* 287
fe=(74)
281 14
-2 7
fi=(28)
44 7
fe=(74)
281 7
+13 7
-3 7
+3 28
+2 14
+3 24
+4 48
+7 76
+1 76
-1 228
+1 76
+1 76
-2 76
+2 152
+1 228
+3 228
+5 60
-15 60
+2 60
-2 60
+2 60
-2 60
+2 120
-2 16
+2 16
-2 16
+2 16
-2 16
+2 32
+16 48
+5 10
-28 10
+33 12
+3 10
+4 86
+6 86
+1 86
+1 86
-1 258
+1 86
-1 86
+1 86
+1 86
+3 258
+4 86
-14 182
+10 15
+12 10
+1 12
+1 12
+1 4
+19 72
164 2
-8 2
257 5
+17 6
+60 2
-40 2
+76 4
+2 4
+4 2
-4 120
+1 60
+2 1
+1 2
-1 1
+1 1
cfi=(31)
cfn=(248)
calls=1 98 
* 32
* 2

fl=(41)
fn=(114)
32 34
+1 34
+1 34
+1 34
+1 34
+1 34
+1 34
+1 34
+1 34
+1 34
+1 34
+1 34
+1 34
+1 34
+1 34
+1 34
+1 34
+1 34
+1 24
+4 24
+1 24
+1 24
+1 24
+2 24
+4 10
+1 10
+1 10
+1 10
+1 10
+1 10
+1 10
+1 10
+1 10
+1 10
+1 10
+1 10
+1 10
+1 10
+1 10
+1 10
+1 10
+1 10
+1 10
+1 10
+1 10
+1 10
+1 10
+1 10
+52 10
+4 10
+1 10
+1 10
+1 10
+2 10

ob=(7)
fl=(185)
fn=(900)
0 4
cfn=(902) 0x0000000000024780
calls=1 0 
0 6880
0 1
cfn=(956) 0x00000000002c0b10
calls=1 0 
0 12808
0 13

fn=(956)
0 9
cob=(4)
cfi=(175)
cfn=(958)
calls=1 0 
0 891
0 9
cfn=(968) 0x00000000002c0570
calls=1 0 
0 3664
0 2
cfn=(1030) 0x00000000002c2b40
calls=1 0 
0 1121
0 17
cob=(4)
cfi=(175)
cfn=(1056)
calls=1 0 
0 1104
0 4
cfn=(1080) 0x00000000002cb450
calls=1 0 
0 1272
0 2
cob=(4)
cfi=(175)
cfn=(1098)
calls=1 0 
0 974
0 4
cfn=(968)
calls=1 0 
0 393
0 2
cfn=(1122) 0x00000000002c2b50
calls=1 0 
0 309
0 16
cob=(4)
cfi=(175)
cfn=(1056)
calls=1 0 
0 248
0 4
cfn=(1080)
calls=1 0 
0 426
0 2
cob=(4)
cfi=(175)
cfn=(1098)
calls=1 0 
0 25
0 4
cfn=(968)
calls=1 0 
0 406
0 2
cfn=(1142) 0x00000000002c2b60
calls=1 0 
0 309
0 16
cob=(4)
cfi=(175)
cfn=(1056)
calls=1 0 
0 248
0 4
cfn=(1080)
calls=1 0 
0 432
0 2
cob=(4)
cfi=(175)
cfn=(1098)
calls=1 0 
0 25
0 2
cfn=(968)
calls=1 0 
0 389
0 2
cob=(4)
cfi=(175)
cfn=(1098)
calls=1 0 
0 25
0 2
cfn=(968)
calls=1 0 
0 413
0 4
cob=(4)
cfi=(175)
cfn=(1098)
calls=1 0 
0 25

fn=(1022) 0x00000000002c04d0
0 49
cfn=(1023) 0x00000000002c04d0'2
calls=3 0 
0 56
0 21
cfn=(1023)
calls=1 0 
0 4
0 22

fn=(1023)
0 32
cfn=(1023)
calls=2 0 
0 8
0 28

fn=(1142)
0 15
cfn=(970) 0x00000000000231c0
calls=1 0 
0 249
0 6
cob=(4)
cfi=(175)
cfn=(1038)
calls=1 0 
0 8
0 31

fn=(970)
0 64
cob=(4)
cfi=(175)
cfn=(976)
calls=8 0 
0 4470
0 32

fn=(1080)
0 42
cfn=(1082) 0x0000000000023130
calls=3 0 
0 1455
0 12
cfn=(1082)
calls=3 0 
0 588
0 33

fn=(884)
0 4
cob=(4)
cfi=(175)
cfn=(886)
calls=1 0 
0 921

fn=(902)
0 85
cfn=(932) 0x0000000000024020
calls=5 0 
0 2445
cfn=(908) 0x0000000000024130
calls=5 0 
0 3340
0 4
cfn=(946) 0x00000000000246f0
calls=1 0 
0 483
cfn=(940) 0x0000000000024090
calls=1 0 
0 484
0 39

fn=(1030)
0 15
cfn=(970)
calls=1 0 
0 249
0 6
cob=(4)
cfi=(175)
cfn=(1038)
calls=1 0 
0 820
0 31

fn=(1122)
0 15
cfn=(970)
calls=1 0 
0 249
0 6
cob=(4)
cfi=(175)
cfn=(1038)
calls=1 0 
0 8
0 31

fn=(878)
0 12

fn=(968)
0 40
cfn=(970)
calls=5 0 
0 3819
0 45
cob=(4)
cfi=(175)
cfn=(1014)
calls=5 0 
0 1089
0 90
cfn=(1022)
calls=5 0 
0 152
0 30

fn=(1166)
0 4
cob=(4)
cfi=(175)
cfn=(886)
calls=1 0 
0 29

fn=(628)
0 370

fn=(946)
0 7
cob=(4)
cfi=(175)
cfn=(910)
calls=1 0 
0 469
0 7

fn=(908)
0 50
cob=(4)
cfi=(175)
cfn=(910)
calls=5 0 
0 3250
0 40

fn=(932)
0 40
cob=(4)
cfi=(175)
cfn=(910)
calls=5 0 
0 2380
0 25

fn=(940)
0 7
cob=(4)
cfi=(175)
cfn=(910)
calls=1 0 
0 469
0 8

fn=(1082)
0 42
cob=(4)
cfi=(175)
cfn=(1084)
calls=6 0 
0 1977
0 24

ob=(2)
fl=(265) ./stdlib/./stdlib/cxa_atexit.c
fn=(1508) __cxa_atexit
67 7
-26 2
+2 8
+1 2
cfn=(1510) __new_exitfn
calls=1 +36 
* 33
+2 2
+8 1
-2 1
+3 1
+1 1
-4 2
+1 1
+4 4
+1 1
+11 6

fn=(1510)
80 1
+6 2
-6 4
+11 2
-10 1
+10 4
+2 4
-2 1
+10 1
-10 3
+45 1
+5 3
-4 1
+4 2
-18 1
-1 1
+12 1

fl=(295) ./nptl/./nptl/pthread_attr_getstack.c
fn=(1668) pthread_attr_getstack@@GLIBC_2.34
24 1
+7 1
-7 1
+7 3
+7 1
-3 1
+3 1

fl=(214) ./stdio-common/./stdio-common/vfprintf-internal.c
fn=(1248) __printf_buffer
600 384
fi=(289) ./stdio-common/./stdio-common/printf-parse.h
82 32
fe=(214)
600 64
fi=(289)
82 32
fe=(214)
600 32
+27 96
+11 32
-11 32
+11 32
-11 32
+11 64
fi=(289)
82 32
cob=(4)
cfi=(175)
cfn=(1250)
calls=32 -82 
* 672
fe=(214)
653 64
+1 32
fi=(289)
82 64
fe=(214)
654 32
-1 32
cfi=(216) ./stdio-common/./stdio-common/Xprintf_buffer_write.c
cfn=(1254) __printf_buffer_write
calls=32 27 
* 1636
+2 96
+4 64
+4 256
-32 32
973 32
642 32
973 64
634 32
+71 128
1044 352
705 64
-13 32
+7 32
+6 64
-14 32
-4 32
+18 32
-10 32
+10 32
-7 32
-4 32
+11 64
-19 32
-1 32
+20 32
-12 32
-9 32
-1 32
+22 32
-15 64
1024 32
fi=(289)
82 32
fe=(214)
1018 32
fi=(289)
82 64
cob=(4)
cfi=(175)
cfn=(1250)
calls=32 -82 
* 672
fe=(214)
1028 64
+1 32
fi=(289)
82 32
fe=(214)
1029 32
-1 32
cfi=(216)
cfn=(1254)
calls=32 27 
* 645
+3 64
fi=(217) ./stdio-common/./stdio-common/vfprintf-process-arg.c
501 4
cfi=(216)
cfn=(1254)
calls=1 27 
* 55
+1 1
-11 1
-88 8
+19 2
-14 2
+47 3
-33 4
+8 2
fe=(214)
784 31
fi=(217)
126 62
+75 31
92 31
+1 31
+1 31
201 62
-65 62
+19 403
cfi=(254) ./stdio-common/./stdio-common/_itoa.c
cfn=(1434) _itoa_word
calls=31 +14 
* 2945
+11 62
-11 62
+11 124
-5 248
+25 155
+15 62
-4 93
+2 93
+2 62
+7 31
-2 62
+2 93
+3 62
+13 62
fi=(255) ./stdio-common/../include/printf_buffer.h
-61 62
fi=(217)
+70 62
+3 62
128 62
+8 31
+2 62
fe=(214)
883 31
fi=(217)
66 31
+1 31
+94 31
+9 62
+17 31
+8 31
-8 31
+12 31
-12 31
+8 124
-8 186
+53 124
cfi=(216)
cfn=(1254)
calls=31 27 
* 1705
* 31
130 62
+1 248
fi=(255)
+32 62
fi=(217)
435 2
cob=(4)
cfi=(175)
cfn=(916)
calls=1 0 
* 16
* 2
fe=(214)

fl=(104)
fn=(334)
65 1
-22 2
+1 1
-2 4
+2 2
+3 2
+4 3
+3 3
+11 1

fl=(90)
fn=(300)
29 3
fi=(91) ./string/../sysdeps/x86_64/multiarch/ifunc-memset.h
+25 15
+3 9
+7 6
+9 6
+2 6
+10 6
+8 6
+3 15
fe=(90)

fl=(105)
fn=(336)
29 1
fi=(106) ./debug/../sysdeps/x86_64/multiarch/ifunc-memset.h
+25 5
+3 3
+7 2
+9 2
+2 2
+10 2
+8 2
+3 5
fe=(105)

fl=(133)
fn=(414)
33 1
fi=(119) ./string/../sysdeps/x86_64/multiarch/ifunc-strcpy.h
+5 2
+1 1
-1 2
+1 2
+3 2
+4 3
+3 3
fe=(133)
-16 1

fl=(240) ./misc/../sysdeps/unix/sysv/linux/getpagesize.c
fn=(1396) getpagesize
27 33
+1 132
+2 33

fl=(262)
fn=(1496)
120 3810
+2 762

fl=(226) ./stdlib/../stdlib/strtol.c
fn=(1630) __strtoul_internal
107 440
+1 1760
cfi=(227) ./stdlib/../stdlib/strtol_l.c
cfn=(1316) ____strtoul_l_internal
calls=440 238 
* 118565

fn=(1314) __isoc23_strtoul
125 2
+1 10
cfi=(227)
cfn=(1316)
calls=2 238 
* 250

fl=(124)
fn=(382)
31 2
fi=(125) ./wcsmbs/../sysdeps/x86_64/multiarch/ifunc-wmemset.h
+5 10
+1 6
fe=(124)
-6 2

fl=(293) ./nptl/./nptl/pthread_attr_setaffinity.c
fn=(1660) pthread_attr_setaffinity_np@@GLIBC_2.32
29 8
+5 5
+28 1
+1 7
-18 1
cfi=(294) ./nptl/./nptl/pthread_attr_extension.c
cfn=(1662) __pthread_attr_extension
calls=1 -20 
* 277
+1 2
+3 1
+2 1
-2 2
+2 2
cob=(4)
cfi=(175)
cfn=(1606)
calls=1 -51 
* 232
* 1
+1 2
+3 2
+1 1
fi=(233) ./nptl/../string/bits/string_fortified.h
-27 3
cob=(4)
cfi=(175)
cfn=(1256)
calls=1 -29 
* 14
* 1
fe=(293)

fl=(208)
fn=(1194)
38 2
+1 1
-1 8
+1 1
-1 3
+1 2
+2 3
fi=(209) ./posix/../malloc/dynarray-skeleton.c
201 1
-2 1
+2 1
-2 1
322 1
+1 1
+1 1
-2 1
+2 1
fe=(208)
45 2
+10 1
-8 1
+1 1
+1 1
+1 1
+5 2
+2 2
+4 4
+2 1
+1 8

fl=(121)
fn=(374)
31 1
fi=(85) ./string/../sysdeps/x86_64/multiarch/ifunc-avx2.h
+9 3
-2 4
fe=(121)
-7 2
fi=(85)
+10 2
+1 3
+3 2
+4 3
+3 5
fe=(121)

fl=(179)
fn=(592)
46 6
+5 2
+4 5
+8 1
-2 1
+10 1
-9 1
+1 1
+9 3
-1 1
cfi=(180) ./misc/./misc/init-misc.c
cfn=(594) __init_misc
calls=1 -41 
* 57

fl=(249) ./misc/../sysdeps/unix/sysv/linux/x86_64/clone.S
fn=(1420) clone
52 31
+2 31
+1 31
+1 31
+3 31
+1 31
+3 31
+2 31
+4 31
+3 31
+1 31
+1 31
+1 31
+1 31
+5 31
+2 62
+1 62
+1 62
+2 31
+8 31
+3 31
+1 31
+1 31
cfi=(235)
cfn=(1426) start_thread
calls=31 338 
* 58693

fl=(274) ./nptl/./nptl/pthread_self.c
fn=(1552) pthread_self
23 1
+2 2

fl=(277) ./libio/./libio/iofopen.c
fn=(1560) fopen@@GLIBC_2.2.5
85 7
-20 1
+20 2
-20 1
cob=(4)
cfi=(175)
cfn=(1062)
calls=1 -65 
* 203
+2 3
+3 1
+2 2
-2 1
+2 5
cfi=(245) ./libio/./libio/genops.c
cfn=(1562) _IO_no_init
calls=1 563 
* 56
+1 1
+1 1
-1 1
+1 1
cfi=(278) ./libio/./libio/fileops.c
cfn=(1566) _IO_new_file_init_internal
calls=1 +32 
* 125
+1 5
cfi=(278)
cfn=(1574) _IO_file_fopen@@GLIBC_2.2.5
calls=1 213 
* 244
* 2
-38 2
+50 7

fl=(258) ./setjmp/../sysdeps/x86_64/bsd-_setjmp.S
fn=(1442) _setjmp
28 32
+2 32
+2 32
cfi=(259) ./setjmp/../sysdeps/x86_64/setjmp.S
cfn=(1444) __sigsetjmp
calls=32 -1 
* 1120

fl=(279) ./nptl/./nptl/libc-cleanup.c
fn=(1572) __libc_cleanup_pop_restore
54 222
+1 222
+2 444
+2 222
+1 666
+11 222

fn=(1570) __libc_cleanup_push_defer
24 222
+1 222
+2 444
+2 444
+3 444
+14 666
+2 222
+1 222

fl=(84)
fn=(288)
31 2
fi=(85)
+9 6
-2 8
fe=(84)
-7 4
fi=(85)
+10 4
+1 6
+3 4
+4 6
+3 10
fe=(84)

fl=(182)
fn=(600)
545 1
+1 4
+1 3
+1 3
+2 1

fl=(244) ./nptl/./nptl/nptl-stack.c
fn=(1408) __nptl_stack_list_add
43 31
+1 124
fi=(308) ./nptl/../include/list.h
-1 155
+2 31
+2 31
fe=(244)
+5 31
+1 31

fl=(107)
fn=(340)
28 1
fi=(85)
+12 3
-2 4
fe=(107)
-10 2
fi=(85)
+13 2
+1 3
+3 2
+4 3
+3 5
fe=(107)

fl=(134)
fn=(418)
29 3
fi=(100) ./string/../sysdeps/x86_64/multiarch/ifunc-memmove.h
+28 9
-1 6
+4 9
+14 6
+3 6
+8 6
+8 6
+3 15
fe=(134)

fl=(292) ./nptl/./nptl/pthread_getaffinity.c
fn=(1658) pthread_getaffinity_np@@GLIBC_2.32
30 2
+3 6
+2 2
-5 2
+9 4
fi=(233)
+20 1
fe=(292)
-29 1
fi=(233)
+29 1
cob=(4)
cfi=(175)
cfn=(1004)
calls=1 -59 
* 13
fe=(292)
-18 1
+1 2

fl=(254)
fn=(1434)
169 31
+3 124
+2 62
+9 2666
+9 62

fl=(227)
fn=(1316)
238 2210
+54 442
-54 442
+19 442
-19 1768
+14 442
-14 1326
+26 884
+31 1768
+9 2652
+2 884
+5 884
-1 442
+6 884
+4 884
+15 656
+10 8
-87 2
390 6
+1 6
+4 2
+56 4
-61 981
+1 981
+4 327
+56 1641
+26 329
+1 329
-84 329
-1 329
+96 658
-12 113
+1 113
-84 113
-1 113
+96 226
-5 7740
+5 3870
+1 11610
-41 7740
+2 15480
+2 11616
+7 1166
+17 1166
+1 1162
+3 11610
+3 7740
+11 884
+5 1326
+1 442
+12 884
+11 2210
+22 3978
327 2
+15 658
+48 327
258 327
387 654
-65 793
+5 226
+63 113
+1 226
-1 113
+1 339
+4 226
-68 2
+5 565

fl=(239) ./nptl/./nptl/allocatestack.c
fn=(1428) name_stack_maps
587 186
+2 31
+4 31
-4 124
+4 31
+2 62
+5 31
+1 31
-2 31
+2 62
-1 31
+3 93
cfi=(252) ./stdio-common/./stdio-common/snprintf.c
cfn=(1430) snprintf
calls=31 26 
* 17484
* 124
cfi=(256) ./misc/../sysdeps/unix/sysv/linux/setvmaname.c
cfn=(1438) __set_vma_name
calls=31 33 
* 689
+2 279
-2 93

fl=(180)
fn=(594)
30 1
+1 2
-1 4
+1 4
+2 3
cob=(4)
cfi=(175)
cfn=(596)
calls=1 -33 
* 31
+4 5
+1 3
+2 4

fl=(242)
fn=(1400)
47 63
+3 126
-3 378
+6 126
+5 378
+2 252
-7 315

fl=(212)
fn=(1244)
25 15
+3 4
+6 1
+2 2
+3 1
+1 2
-1 5
+1 1
cfi=(213) ./libio/./libio/iovsprintf.c
cfn=(1246) __vsprintf_internal
calls=1 -3 
* 417
+4 5

fl=(192)
fn=(962)
43 15
+12 2
+4 2
+4 2
+3 3
+6 2
277 12
73 1
+2 1
-2 2

fl=(264) ./csu/../csu/libc-start.c
fn=(1506) __libc_start_main@@GLIBC_2.34
242 13
+69 3
+1 3
cfi=(265)
cfn=(1508)
calls=1 67 
* 72
+25 6
+6 2
-3 2
+10 2
cob=(4)
cfi=(175)
cfn=(1524)
calls=1 0 
* 7
+2 2
+8 4
cfi=(266) ./csu/../sysdeps/nptl/libc_start_call_main.h
cfn=(1528) (below main)
calls=1 29 
* 541398
128 2
+6 3
+1 6
cob=(4)
cfi=(175)
cfn=(1512)
calls=1 0 
* 7
* 1
+3 1
+1 2
+3 2
+1 2
-1 1
+2 9
+1 4
cob=(9)
cfi=(263)
cfn=(1518) 0x0000000000173ec0
calls=1 0 
* 12
* 4
cob=(9)
cfi=(263)
cfn=(1516) std::sys::args::unix::imp::ARGV_INIT_ARRAY::init_wrapper
calls=1 0 
* 4
-1 7

fl=(206)
fn=(1102)
367 162
51 486
+1 324
367 486
57 324
+8 162
-3 162
-23 162
+1 648
+1 5
+29 5
+2 5
369 10
70 157
+2 157
369 314
43 628
+31 62
+6 124
+4 93
+3 62

fl=(294)
fn=(1662)
25 1
+1 2
-1 1
+3 1
-3 3
+3 1
-3 1
+3 1
cob=(4)
cfi=(175)
cfn=(1664)
calls=1 -28 
* 259
* 1
+1 2
-2 1
+5 3

fl=(234)
fn=(1380)
27 31
fi=(233)
+32 124
fe=(234)
-21 62
+9 31
+3 62

fl=(236) ./signal/../sysdeps/unix/sysv/linux/libc_sigaction.c
fn=(1388) __libc_sigaction
43 48
+5 12
+2 4
fi=(309) ./signal/../string/bits/string_fortified.h
-21 4
fe=(236)
+29 4
fi=(309)
-29 8
fe=(236)
+21 4
+3 4
fi=(309)
-24 12
fe=(236)
+24 4
fi=(309)
-24 12
fe=(236)
+24 8
fi=(309)
-24 4
fe=(236)
+29 4
-5 4
+5 12
fi=(309)
-29 24
fe=(236)
+29 36
+5 18
+2 3
fi=(309)
-36 15
fe=(236)
+36 3
fi=(309)
-36 9
fe=(236)
+38 3
fi=(309)
-38 9
fe=(236)
+38 3
+1 3
fi=(309)
-39 3
fe=(236)
+39 3
fi=(309)
-39 12
fe=(236)
+42 36
-13 6

fl=(93)
fn=(308)
29 1
fi=(94) ./debug/../sysdeps/x86_64/multiarch/ifunc-memmove.h
+28 3
-1 2
+4 3
+14 2
+3 2
+8 2
+8 2
+3 5
fe=(93)

fl=(256)
fn=(1438)
33 217
+2 155
+14 282
-9 4
cob=(4)
cfi=(175)
cfn=(560)
calls=1 -40 
* 26
* 3
+7 1
+1 1

fl=(261)
fn=(1484)
29 31
+1 31
+1 31
+1 31
+1 31
+1 31
+1 31
+1 31
+1 31
+1 31
+1 31
+1 31

fl=(223) ./io/../sysdeps/unix/sysv/linux/open64_nocancel.c
fn=(1306) __open_nocancel
28 4
+3 2
-3 12
+3 12
+8 14
+2 10

fl=(252)
fn=(1430)
26 372
+4 31
+1 62
-1 155
+1 31
cfi=(253) ./libio/./libio/vsnprintf.c
cfn=(1432) __vsnprintf_internal
calls=31 +62 
* 16678
+4 155

fl=(270) ./signal/../sysdeps/posix/signal.c
fn=(1542) signal
30 2
+4 1
-4 5
+4 4
fi=(271) ./signal/../sysdeps/unix/sysv/linux/internal-signals.h
+19 1
fe=(270)
-18 2
fi=(272) ./signal/../sysdeps/unix/sysv/linux/sigsetops.h
+67 1
fe=(270)
-61 1
+4 2
fi=(272)
+57 1
+2 1
-8 1
fe=(270)
-52 4
+1 1
cfi=(273) ./signal/./signal/sigaction.c
cfn=(1548) sigaction
calls=1 -19 
* 84
* 1
+3 1
-3 2
+4 5

fl=(108)
fn=(344)
30 1
fi=(102) ./wcsmbs/../sysdeps/x86_64/multiarch/ifunc-avx2.h
+10 3
-2 4
fe=(108)
-8 2
fi=(102)
+11 2
+1 3
+3 2
+4 3
+3 5
fe=(108)

fl=(235)
fn=(1426)
338 341
+7 62
+22 124
+3 31
cfi=(171) ./ctype/./ctype/ctype-info.c
cfn=(552) __ctype_init
calls=31 29 
* 527
+3 93
cfi=(239)
cfn=(1428)
calls=31 587 
* 19413
+4 31
fi=(257) ./nptl/../sysdeps/unix/sysv/linux/rseq-internal.h
32 62
+8 31
fe=(235)
388 155
+17 62
cfi=(258)
cfn=(1442)
calls=31 28 
* 1178
* 31
+14 31
-14 31
+18 31
-4 31
+4 155
+3 62
+3 62
+2 31
fi=(250) ./nptl/../sysdeps/unix/sysv/linux/internal-signals.h
89 124
fe=(235)
431 31
fi=(250)
89 31
fe=(235)
433 31
+4 62
+10 93
cob=(8)
cfi=(207)
cfn=(1448)
calls=31 0 
* 35746

fn=(1386)
626 496
+6 62
+13 124
+2 93
cfi=(237) ./nptl/./nptl/pthread_getattr_default_np.c
cfn=(1390) pthread_getattr_default_np@@GLIBC_2.34
calls=31 24 
* 2015
* 31
+1 62
+2 62
fi=(239)
219 31
cfi=(240)
cfn=(1396)
calls=31 27 
* 186
fi=(241) ./nptl/./nptl-stack.h
61 31
fi=(239)
219 62
fi=(241)
61 31
fi=(239)
219 31
fi=(241)
61 217
fi=(239)
223 31
fi=(241)
61 31
fi=(239)
223 62
+5 93
+10 62
+91 62
+4 62
-4 31
+4 31
+10 186
+4 62
fe=(235)
897 62
+1 62
cfi=(251) ./nptl/./nptl/pthread_attr_destroy.c
cfn=(1424) pthread_attr_destroy
calls=31 26 
* 186
+3 403
fi=(239)
347 124
+5 93
+1 31
-2 62
66 124
329 31
74 31
329 62
-1 62
74 93
477 93
+29 155
+26 31
fe=(235)
755 31
fi=(239)
547 31
fe=(235)
674 31
fi=(239)
558 31
-11 31
+11 31
+5 31
-26 31
+21 31
-11 31
fe=(235)
677 31
+12 31
fi=(239)
558 31
fe=(235)
683 31
fi=(239)
542 31
+21 31
fe=(235)
+81 31
fi=(239)
-97 31
fe=(235)
689 31
-6 31
+1 31
+1 31
+4 31
-5 31
fi=(239)
545 31
fe=(235)
688 31
+2 93
+4 31
+1 31
+8 31
-8 93
+5 62
+3 31
-3 31
-11 31
+11 31
+3 62
+5 31
+1 31
-1 31
+1 31
+4 62
+5 62
fi=(310) ./nptl/../sysdeps/x86/nptl/tls-setup.h
22 62
fe=(235)
730 62
+21 62
+4 62
+2 31
+10 31
fi=(250)
81 155
fe=(235)
772 62
fi=(250)
81 62
fe=(235)
780 93
fi=(246) ./nptl/../sysdeps/unix/sysv/linux/internal-sigset.h
34 31
fe=(235)
609 124
836 186
cfn=(1414) create_thread
calls=31 236 
* 3652
fi=(250)
89 93
fe=(235)
836 31
fi=(250)
89 93
fe=(235)
843 62
+40 62
+10 62
83 2
-2 1
+2 1
fi=(311) ./nptl/../sysdeps/unix/sysv/linux/sigsetops.h
-29 1
fe=(235)
+27 1
+1 1
+1 1
cfi=(236)
cfn=(1388)
calls=1 -40 
* 52
+7 2
fi=(311)
+14 1
fe=(235)
-14 1
fi=(311)
+14 1
fe=(235)
-14 3
638 1
-3 1
+3 2
791 62
fi=(246)
102 31
+1 31
fi=(239)
-4 124
366 341
cfi=(242)
cfn=(1400)
calls=31 47 
* 806
+3 93
-3 31
+3 31
+5 124
+6 62
+5 62
+1 31
+9 62
170 62
-4 93
+4 31
cfi=(243) ./misc/../sysdeps/unix/syscall-template.S
cfn=(1402) mprotect
calls=31 -53 
* 186
* 124
407 31
+1 31
+21 31
-18 31
-4 31
+9 62
+3 31
+7 31
-18 31
+3 31
+18 31
cob=(4)
cfi=(175)
cfn=(1404)
calls=31 0 
* 234267
* 124
fe=(235)
663 1
+89 1
cfi=(245)
cfn=(1410) _IO_enable_locks
calls=1 518 
* 22
* 2
fi=(239)
442 124
+3 217
cfi=(244)
cfn=(1408)
calls=31 43 
* 434
+2 186
+7 155
-88 62
fe=(235)

fn=(1414)
236 372
+4 155
+4 62
+3 62
+1 62
+42 31
-3 31
+10 31
-10 31
+10 62
-10 279
+10 31
cfi=(247) ./misc/../sysdeps/unix/sysv/linux/clone-internal.c
cfn=(1416) __clone_internal
calls=31 97 
* 1854
+1 62
+5 31
+6 62
+12 62
+11 31
+1 341

fl=(126)
fn=(386)
29 1
fi=(119)
+9 2
+1 1
-1 2
+1 2
+3 2
+4 3
+3 3
fe=(126)
-20 1

fl=(213)
fn=(1246)
37 14
+8 2
+2 1
+5 2
+10 1
fi=(312) ./libio/../include/printf_buffer.h
+64 1
fe=(213)
-64 1
fi=(312)
+65 1
+1 1
-4 1
fe=(213)
-62 1
cfi=(214)
cfn=(1248)
calls=1 600 
* 360
+4 3
+2 1
+2 2
cfi=(218) ./stdio-common/./stdio-common/Xprintf_buffer_done.c
cfn=(1260) __printf_buffer_done
calls=1 -45 
* 19
+1 6

fl=(285) ./stdio-common/./stdio-common/isoc23_sscanf.c
fn=(1618) __isoc23_sscanf
24 3300
fi=(286) ./stdio-common/../libio/strfile.h
+64 880
fe=(285)
-64 660
fi=(286)
+64 220
-1 220
+1 440
cfi=(245)
cfn=(1562)
calls=220 563 
* 10340
+1 220
+1 880
-1 220
+1 220
cfi=(287) ./libio/./libio/strops.c
cfn=(1622) _IO_str_init_static_internal
calls=220 -54 
* 20876
fe=(285)
-60 220
+1 440
-1 220
+1 220
-1 220
+1 220
-1 660
+1 220
cfi=(288) ./stdio-common/./stdio-common/vfscanf-internal.c
cfn=(1624) __vfscanf_internal
calls=220 278 
* 395936
+5 1980

fl=(189)
fn=(914)
24 189
+1 168
+3 21
cob=(4)
cfi=(175)
cfn=(916)
calls=21 -28 
* 352
+1 21
-1 21
+1 4410
+2 2184
+1 188
cob=(4)
cfi=(175)
cfn=(920)
calls=47 -32 
* 1521
* 94
+5 189

fl=(276) ./nptl/./nptl/pthread_attr_init.c
fn=(1556) pthread_attr_init@@GLIBC_2.2.5
32 2
fi=(233)
+27 1
fe=(276)
-27 4
fi=(233)
+27 4
fe=(276)
-13 1
cfi=(240)
cfn=(1396)
calls=1 -19 
* 6
* 2
+3 4

fl=(87)
fn=(294)
79 1
-31 2
+1 1
-2 4
+2 2
+3 2
+4 3
+3 3
+20 1

fl=(117)
fn=(364)
60 1
-17 2
-1 4
+2 3
+2 2
+4 3
+10 1

fl=(137)
fn=(426)
29 1
fi=(313) ./string/../sysdeps/x86_64/multiarch/ifunc-sse4_2.h
+7 5
fe=(137)
-7 1

fl=(201)
fn=(1018)
77 162
+3 486
+2 162
+2 324
-7 648
+11 324
+2 393
-46 131
+1 524
+3 500
+46 393
+85 162
+3 162
+2 162
+3 162
-63 162
+66 486
45 18
+1 12
+51 62
+11 124
+4 31
+3 62
-71 31
+1 124
+85 93
+1 62
-83 124

fl=(248) ./misc/../sysdeps/unix/sysv/linux/x86_64/clone3.S
fn=(1418) clone3
42 1
+2 1
+1 1
+1 1
+1 1
+1 1
+4 1
+3 1
+5 1
+2 1
+1 1
+23 5

fl=(291) ./libio/./libio/iofclose.c
fn=(1640) fclose@@GLIBC_2.2.5
34 8
+14 3
+9 1
fi=(284) ./libio/./libio/libioP.h
1025 3
+1 2
fe=(291)
57 3
cfi=(278)
cfn=(1654) _IO_file_finish@@GLIBC_2.2.5
calls=1 168 
* 34
+1 3
+13 2
fi=(284)
951 4
+1 4
+6 2
cob=(4)
cfi=(175)
cfn=(1634)
calls=1 0 
* 87
fe=(291)
76 7
-27 1
cfi=(245)
cfn=(1642) _IO_un_link
calls=1 +4 
* 94
+2 3
+1 2
+1 2
cfi=(278)
cfn=(1646) _IO_file_close_it@@GLIBC_2.2.5
calls=1 +75 
* 204
fi=(284)
979 1
fe=(291)
53 1
fi=(284)
979 3
+1 10
fe=(291)

fl=(299) ./string/../sysdeps/x86_64/multiarch/memcmp-avx2-movbe.S
fn=(1744) __memcmp_avx2_movbe
73 77
+7 77
+1 77
+75 20
+10 20
+1 20
+1 20
+3 40
401 77
+1 77
+5 77
+1 77
+1 77
+1 77
+1 77
+3 77
+1 77
+1 77
+1 77
+3 77
+1 77
+1 57
+1 114

fl=(260) ./setjmp/./setjmp/sigjmp.c
fn=(1446) __sigjmp_save
28 192
+2 64
-1 32
+5 128

fl=(128)
fn=(398)
29 3
fi=(85)
+11 9
-2 12
fe=(128)
-9 6
fi=(85)
+12 6
+1 9
+3 6
+4 9
+3 15
fe=(128)

fl=(95)
fn=(312)
29 2
fi=(94)
+28 6
-1 4
+4 6
+14 4
+3 4
+8 4
+8 4
+3 10
fe=(95)

fl=(202)
fn=(1042)
30 4
+9 16
+33 4

fl=(275) ./nptl/./nptl/pthread_getattr_np.c
fn=(1554) pthread_getattr_np@@GLIBC_2.32
33 10
+4 1
-4 4
+4 1
cfi=(276)
cfn=(1556)
calls=1 -5 
* 24
* 1
+1 2
207 12
43 7
fi=(233)
-14 2
fe=(275)
+23 1
-3 4
+6 2
+4 2
+3 3
+50 7
+66 1
+2 4
cob=(4)
cfi=(175)
cfn=(1606)
calls=1 0 
* 232
* 1
+1 2
+7 4
cfi=(292)
cfn=(1658)
calls=1 30 
* 35
+3 2
+2 7
+1 6
cfi=(293)
cfn=(1660)
calls=1 29 
* 563
+4 1
-4 1
+4 1
cob=(4)
cfi=(175)
cfn=(1634)
calls=1 0 
* 87
+3 6
+2 2
85 4
cfi=(277)
cfn=(1560)
calls=1 * 
* 671
+1 2
-1 1
+1 1
+5 4
cfi=(172) ./resource/../sysdeps/unix/sysv/linux/getrlimit64.c
cfn=(554) getrlimit
calls=1 -53 
* 10
* 3
+74 4
cfi=(291)
cfn=(1640)
calls=1 34 
* 484
* 2
+4 1
+2 2
-63 1
+9 3
-14 1
+17 1
-17 1
-1 2
+6 3
+6 1
+1 1
+5 9
+7 1320
cfi=(285)
cfn=(1618)
calls=220 24 
* 438812
* 440
+2 440
+1 220
-1 440
+1 440
+28 219
-38 438
+2 880
cfi=(281) ./stdio-common/./stdio-common/getline.c
cfn=(1584) getline
calls=220 -95 
* 33750
* 440
+40 4
cob=(4)
cfi=(175)
cfn=(1634)
calls=1 0 
* 87
* 3
-59 9
+2 1
+30 1
-2 1
+12 1
-10 3
+6 1
+3 2
-4 2

fl=(232)
fn=(1372)
53 372
+12 62
+40 186
+31 124
+4 31
+9 31
+2 31
+1 310
fi=(233)
-93 62
fe=(232)
+33 62
fi=(233)
-33 31
fe=(232)
+6 31
fi=(233)
-6 62
fe=(232)

fl=(231)
fn=(1332)
35 1
+2 3
-1 1
+2 1
-10 2
+10 15
-10 30
-1 2
+2 1
-1 3
+1 31
-1 93
+10 1
-1 48
+3 2

fl=(193)
fn=(1712) unlink_chunk.isra.0
1608 2
+2 6
-2 2
+2 4
+3 2
+1 4
+2 8
-3 2
+6 2
+1 2
+1 10
+2 2
+1 3
+3 2
+14 1
+1 1
+3 4

fn=(992) _int_malloc
3846 1595
1326 290
+19 858
3887 266
1794 133
3914 266
+65 140
-63 280
+3 70
+2 140
+56 126
+62 20
+1 9
+20 145
-1 145
-1 145
+1 290
+1 290
-2 288
+12 725
-1 32
+4 32
+1 16
+2 32
+1 48
+2 16
+1 64
+2 64
-10 16
+12 32
+1 32
+2 32
+11 64
+29 1
+1 1
+4 2
+29 2
+8 4
+1 1
+1 1
-1 1
+4 2
3887 24
+27 24
+66 142
+2 142
-2 142
+2 284
-68 36
1345 12
3919 24
+2 24
+9 246
4487 1740
4221 2
+9 1
-9 2
+9 1
-9 3
+1 1
+1 1
+1 1
+1 1
+6 2
4070 3
4246 2
+11 390
+2 9
+3 3
-3 3
+3 6
+1 130
+71 390
-4 130
+1 130
+1 130
-1 130
+1 130
+1 260
+1 390
+5 524
+16 42
+2 84
-4 88
+8 2
+3 4
+2 1
+1 1
+1 1
-2 4
-27 1
-99 4
4099 32
+2 15
-1 30
+61 1
+8 5
+49 1
-48 1
+48 3
4343 393
+3 520
-3 390
+3 508
-3 375
+3 460
-3 230
4443 129
+1 258
+2 258
+3 387
+17 4
4070 60
-91 360
4343 2
+5 8
+1 4
+24 4
+3 2
+2 1
+3 2
-3 2
+3 1
cfn=(1712)
calls=1 1608 
* 33
+3 4
+15 2
-5 1
+5 2
+1 2
+3 1
+1 1
+1 1
+3 2
+1 1
+1 2
+2 2
+3 8
+2 3
+1 1
1985 1
4421 1
1985 2
4105 15
-1 15
+3 15
-1 15
+1 30
+1 45
+1 30
+2 30
+4 15
+6 15
-6 15
+7 15
-7 90
+2 45
+5 15
-4 15
+4 15
cfn=(1000) alloc_perturb
calls=15 1985 
* 60
+1 15
2552 1
+12 1
-12 5
+12 1
4460 387
cfn=(1000)
calls=129 1985 
* 516
+1 129
-9 256
+2 256
-1 128
+1 128
-3 128
+3 128
+2 128
-2 512
+2 128
+3 256
2553 1
+36 3
+1 1
-1 1
+1 1
+9 4
+9 3
2921 3
+1 1
+4 1
+4 5
+5 1
-2 1
+5 1
-3 2
-3 1
+2 1
+1 1
+1 1
-1 3
+1 1
4482 1
2669 3
+8 2
+1 3
+13 1
+2 1
-2 2
+8 5
+8 2
+48 4
+40 3
+19 2
+3 2
+1 6
+2 1
+1 5
cfi=(196) ./malloc/./malloc/morecore.c
cfn=(994) __glibc_morecore
calls=1 25 
* 33
+12 4
-12 1
+12 1
2008 4
3882 1
2873 1
+3 1
-1 1
+1 4
+12 1
-11 1
+11 2
2783 1
-1 2
2017 2
2745 1
+1 1
+6 3
-6 1
+6 3
-43 3
cfi=(196)
cfn=(994)
calls=1 25 
* 64
+1 2
-1 1
+1 1
2008 1
2711 1
2008 3
2712 1
+3 2
+29 3

fn=(990) tcache_init.part.0
3242 4
+9 8
+1 3
cfn=(992)
calls=1 3846 
* 359
+1 2
+8 4
+9 1
fi=(199) ./malloc/../string/bits/string_fortified.h
59 2
fe=(193)
3270 1
fi=(199)
59 86
fe=(193)
3274 3

fn=(1064)
3294 920
+7 230
1326 230
+19 561
3311 202
+2 460
+3 230
+10 200
+8 728
+2 273
cfn=(992)
calls=91 3846 
* 13171
+3 182
+8 364
+4 273
fi=(194) ./malloc/./malloc/arena.c
153 273
fe=(193)
3351 182
+3 600
-36 342
3178 30
+4 30
+4 15
+4 15
-4 45
+4 15
+1 15
3354 90
-26 36
cfn=(992)
calls=9 3846 
* 1257
+1 45
fi=(194)
153 18
fe=(193)

fn=(1612) _int_realloc
4914 48
+11 24
+1 30
+1 24
+6 12
+2 12
+1 18
+2 24
+3 12
+14 1
+53 2
-53 2
+57 1
-57 1
+57 2
-2 2
+19 1
+1 54
-79 12
+12 10
+12 16
cfn=(992)
calls=4 3846 
* 542
* 4
+1 8
+9 4
-6 4
+1 4
+5 8
+8 4
-1 4
fi=(199)
29 4
fe=(193)
4993 24
fi=(199)
29 4
cob=(4)
cfi=(175)
cfn=(1256)
calls=4 -29 
* 386
fe=(193)
4997 16
cfn=(1614) _int_free
calls=4 4495 
* 301
+2 4
+22 1
-4 1
+3 1
+5 1
-4 1
-1 1
+1 1
+3 1
+1 2
cfn=(1614)
calls=1 4495 
* 54
* 1
-60 1
-1 2
+5 3
cfn=(1712)
calls=1 1608 
* 24
+44 2
-48 2
-13 1
+1 1
-2 2
+4 4
+2 1
-2 1
+2 1
-2 2
+1 1
-1 2
+4 1
-3 1
+1 1
+2 1

fn=(1636)
3359 102
+4 204
-4 306
+14 102
-14 306
+12 102
+4 102
-4 102
+4 204
+17 306
fi=(194)
153 306
fe=(193)
3398 306
cfn=(1614)
calls=102 4495 
* 6936
+3 102
+1 612

fn=(1708) _int_free_merge_chunk
4665 20
+1 4
-1 12
+5 24
+3 8
+5 12
+3 8
+1 8
+1 8
1992 12
4689 8
+25 8
+6 8
+4 4
+9 4
-1 4
+1 12
+1 8
+2 4
+2 8
+5 4
+1 4
+2 12
+1 4
-45 4
-1 8
+1 24
-1 4
cfn=(1710) _int_free_maybe_consolidate
calls=4 +69 
* 96
+39 6
-65 12
-2 8

fn=(1710)
4770 44
+6 8
+22 44

fn=(1608)
3407 88
+6 16
+4 16
3538 2
3425 2
3538 12
3425 2
cfn=(1064)
calls=2 3294 
* 408
-1 16
5241 6
3433 6
5242 18
-1 12
+2 12
3538 54
5244 6
3441 12
+15 18
fi=(194)
153 18
fe=(193)
3464 24
+1 12
1326 12
+19 36
3475 12
+31 12
+9 24
+2 36
cfn=(1612)
calls=6 4914 
* 1748
+2 6
-2 6
+2 24
+1 30
fi=(194)
153 18
fe=(193)
3520 12

fn=(1000)
1985 432
+2 144

fn=(980)
3699 80
+10 40
-10 280
+10 320
+8 80
+3 120
+2 80
+3 256
+7 32
+8 32
-7 64
+7 64
+14 96
cfn=(992)
calls=32 +92 
* 4480
+2 264
fi=(194)
153 80
fe=(193)
3732 8
+1 8
+21 16
-21 16
+21 8
cfn=(992)
calls=8 +92 
* 1099
+2 16
+13 128
+15 32
+3 128
+9 40
-12 40
+12 80
+3 200
+8 40
+2 80
+2 80
fi=(194)
264 1
cfn=(984) ptmalloc_init.part.0
calls=1 -2 
* 1151
* 1
fe=(193)
3756 120
+3 88
+78 40
fi=(199)
59 80
fe=(193)
3837 240
fi=(199)
59 40
cob=(4)
cfi=(175)
cfn=(1004)
calls=40 -59 
* 1585
fe=(193)
3248 4
cfn=(990)
calls=1 -6 
* 473
* 1

fn=(1614)
4495 749
+4 321
+6 428
+1 214
+4 535
+8 428
-1 214
+1 214
+29 105
-20 105
-6 105
+6 210
+20 420
1792 42
4561 84
+11 152
+2 114
1992 38
4593 38
1992 76
4595 38
+1 38
+4 76
+2 38
-2 38
+2 38
+26 146
+30 636
-21 8
+3 8
+3 8
+15 1
-12 1
+12 4
-12 1
cfn=(1708)
calls=1 +19 
* 94
-49 38
+22 38
-22 76
+22 114
+2 152
+1 76
-6 76
3163 65
+4 65
-4 65
+2 260
+1 65
+1 65
4550 65
+94 12
+2 6
cfn=(1708)
calls=3 +19 
* 276
+3 12

fl=(216)
fn=(1254)
27 96
+1 288
-1 672
+4 322
+2 130
+3 65
fi=(314) ./stdio-common/../string/bits/string_fortified.h
-7 65
fe=(216)
+8 130
fi=(314)
-8 65
fe=(216)
+12 65
fi=(314)
-12 65
cob=(4)
cfi=(175)
cfn=(1256)
calls=65 -29 
* 982
fe=(216)
+11 195
-9 130
+2 195
+11 576

fl=(101)
fn=(328)
31 2
fi=(102)
+9 6
-2 8
fi=(103) ./wcsmbs/../sysdeps/x86_64/multiarch/wcschr.c
-7 4
fi=(102)
+10 4
+1 6
+3 4
+4 6
+3 10
fe=(101)

fn=(394)
31 1
fi=(98) ./wcsmbs/../sysdeps/x86_64/multiarch/ifunc-wcs.h
+9 3
-1 4
+2 3
+3 2
+4 4
fe=(101)
-17 1

fl=(109)
fn=(348)
31 1
fi=(110) ./string/../sysdeps/x86_64/multiarch/ifunc-strncpy.h
+4 5
+1 3
+3 2
+4 3
+3 4
fe=(109)
-15 1

fl=(259)
fn=(1444)
31 32
+2 32
+9 32
+1 64
+1 32
+4 32
+1 32
+1 32
+1 32
+1 32
+2 64
+2 32
+1 32
+1 32
+2 64
+2 32
+5 32
+1 32
+17 32
cfi=(260)
cfn=(1446)
calls=32 -57 
* 416

fl=(253)
fn=(1432)
93 155
fi=(312)
+31 31
fe=(253)
-31 62
fi=(312)
+31 31
fe=(253)
-31 186
fi=(312)
+44 31
-13 31
+13 31
-10 31
+1 31
fe=(253)
-65 62
+3 31
+30 93
cfi=(214)
cfn=(1248)
calls=31 600 
* 14911
-21 93
+1 31
+11 62
cfi=(218)
cfn=(1260)
calls=31 -62 
* 589
+11 186

fl=(197) ./misc/./misc/sbrk.c
fn=(996) sbrk
37 16
+3 2
+3 2
-3 2
+3 2
+35 7
-20 4
+4 4
+4 4
+8 1
cfi=(198) ./misc/../sysdeps/unix/sysv/linux/brk.c
cfn=(998) brk
calls=1 -38 
* 9
* 2
+4 7
-19 2
cfi=(198)
cfn=(998)
calls=1 -23 
* 9
* 2
+4 2

fl=(268) ./nptl/./nptl/cancellation.c
fn=(1536) __pthread_enable_asynccancel
31 1
+1 1
+1 2
+4 2
+2 2
+3 4
fi=(269) ./nptl/../nptl/descr.h
439 2
fe=(268)
45 2
+11 2

fn=(1540) __pthread_disable_asynccancel
63 1
+3 3
+5 3
+3 1
+2 1
-2 1
+2 2
+7 3

fl=(238) ./nptl/./nptl/pthread_attr_copy.c
fn=(1392) __pthread_attr_copy
25 310
+4 62
-4 93
+4 62
+9 31
-9 93
+3 31
-3 31
+9 62
+23 62
+1 31
-1 186
+2 341

fl=(118)
fn=(366)
29 1
fi=(119)
+9 2
+1 1
-1 2
+1 2
+3 2
+4 3
+3 3
fe=(118)
-20 1

fl=(278)
fn=(1574)
213 12
+9 2
+2 6
+23 14
357 12
-89 1
+1 1
+3 1
-25 20
+34 4
cfn=(1576) _IO_file_open
calls=1 -99 
* 87
* 1
+3 2
+3 3
cfi=(280) ./string/../string/strstr.c
cfn=(1578) __GI_strstr
calls=1 77 
* 59
* 1
+1 2
-41 8
-33 1
+13 1
+1 2
+44 1
-1 1
+1 2

fn=(1566)
106 6
+5 1
-1 1
+3 1
cfi=(245)
cfn=(1568) _IO_link_in
calls=1 -26 
* 112
+1 1
+1 3

fn=(1650) _IO_file_close
1165 1
+3 2
cfi=(229) ./io/../sysdeps/unix/sysv/linux/close_nocancel.c
cfn=(1320) __close_nocancel
calls=1 25 
* 6

fn=(1576)
182 2
+3 1
-3 10
+2 2
+5 2
+3 2
+3 1
-4 1
+1 3
+3 1
-3 1
+3 1
+10 2
cfi=(245)
cfn=(1568)
calls=1 87 
* 21
+1 1
+1 6
-22 1
cfi=(223)
cfn=(1306)
calls=1 28 
* 27
* 2

fn=(1646)
128 7
+2 3
+4 2
+3 1
-3 1
-1 2
+6 1
+3 1
-3 1
cfi=(245)
cfn=(1648) _IO_unsave_markers
calls=1 937 
* 14
+3 3
fi=(284)
1025 3
+1 2
fe=(278)
142 2
cfn=(1650)
calls=1 1165 
* 9
* 1
+3 3
+8 5
cfi=(245)
cfn=(1598) _IO_setb
calls=1 329 
* 121
+1 1
+3 1
-3 3
+3 1
cfi=(245)
cfn=(1642)
calls=1 53 
* 4
+5 1
-4 1
+1 1
+3 1
-2 1
+3 7

fn=(1590) _IO_file_underflow@@GLIBC_2.2.5
462 13
+4 39
-4 117
+7 26
+6 39
+3 26
+12 24
fi=(284)
1025 13
fe=(278)
506 26
cfi=(245)
cfn=(1602) _IO_switch_to_get_mode
calls=13 164 
* 338
+6 13
+5 13
-5 13
fi=(284)
1025 26
fe=(278)
512 13
fi=(284)
1025 13
fe=(278)
512 39
fi=(284)
1026 26
fe=(278)
517 52
cfn=(1604) _IO_file_read
calls=13 1131 
* 143
+2 26
+16 13
-9 13
+9 26
+2 26
+1 104
-57 3
+5 2
cfi=(245)
cfn=(1592) _IO_doallocbuf
calls=1 343 
* 312
+4 4

fn=(1596) _IO_file_stat
1147 1
+1 2
cfi=(202)
cfn=(1042)
calls=1 30 
* 6

fn=(1604)
1131 13
+3 13
-1 13
+1 13
-1 13
cfi=(224) ./io/../sysdeps/unix/sysv/linux/read_nocancel.c
cfn=(1308) __read_nocancel
calls=13 25 
* 78

fn=(1654)
168 5
+1 1
-1 1
+1 1
+6 2
+1 3
-1 1
cfi=(245)
cfn=(1656) _IO_default_finish
calls=1 601 
* 20

fl=(298) ./csu/./csu/errno-loc.c
fn=(1682) __errno_location
25 1
+1 2
+1 1

fl=(224)
fn=(1308)
25 14
+1 56
+1 14

fl=(229)
fn=(1320)
25 2
+1 8
+1 2

fl=(140)
fn=(436)
31 1
fi=(115) ./string/../sysdeps/x86_64/multiarch/ifunc-strcasecmp.h
+6 2
-1 4
fe=(140)
-5 2
fi=(115)
+7 3
+3 2
+4 3
+3 4
fe=(140)

fl=(111)
fn=(352)
31 2
fi=(112) ./wcsmbs/../sysdeps/x86_64/multiarch/ifunc-evex.h
+7 6
-1 8
+2 6
+6 4
-3 4
+9 6
+3 8
fe=(111)
-23 2

fl=(174) ./nptl/./nptl/pthread_mutex_conf.c
fn=(558) __pthread_tunables_init
55 2
+1 2
-1 2
+1 2
-1 4
+1 1
cob=(4)
cfi=(175)
cfn=(560)
calls=1 -56 
* 26
+2 4
cob=(4)
cfi=(175)
cfn=(560)
calls=1 -58 
* 25
+2 4
cob=(4)
cfi=(175)
cfn=(560)
calls=1 -60 
* 26
+2 6

fl=(96)
fn=(316)
29 1
fi=(85)
+11 3
-2 4
fe=(96)
-9 2
fi=(85)
+12 2
+1 3
+3 2
+4 3
+3 5
fe=(96)

fl=(245)
fn=(1564) _IO_old_init
531 221
+3 221
-2 221
+2 221
+5 221
-7 221
+2 221
+10 221
-10 221
+16 221
-11 221
-5 221
+16 221
-16 221
+21 221
-16 1105
+16 442
+1 2
+2 221

fn=(1568)
87 14
+1 10
+18 18
-16 1
+2 3
-2 1
+2 4
cfi=(279)
cfn=(1570)
calls=1 -68 
* 13
+1 12
+2 1
-1 1
+1 2
+6 1
+1 9
+1 2
cfi=(279)
cfn=(1572)
calls=1 -49 
* 9
+3 1
-11 11
+2 1
-2 1
+5 2
-2 1
-3 1
+2 1
+3 11
+2 2

fn=(1588) __underflow
269 65
+1 13
-1 13
+1 27
+5 39
+3 13
173 13
278 26
+2 26
+6 26
+7 13
fi=(284)
1025 39
+1 26
fe=(245)
293 26
+1 39
-1 13
cfi=(278)
cfn=(1590)
calls=13 462 
* 1541
-23 24
+21 39

fn=(1598)
329 2442
+1 890
+5 444
-3 222
+3 444
-2 222
+2 444
+3 1332
-7 1
cob=(4)
cfi=(175)
cfn=(1634)
calls=1 0 
* 87
+4 2

fn=(1642)
53 2
+1 4
+28 2
cfn=(1644) __GI__IO_un_link.part.0
calls=1 -30 
* 90

fn=(1644)
52 4
+6 1
-6 2
+6 1
-6 4
+6 4
cfi=(279)
cfn=(1570)
calls=1 -34 
* 13
+1 12
+2 2
-1 1
+1 3
+4 2
+9 2
+2 2
-13 4
+14 1
+1 9
+1 2
cfi=(279)
cfn=(1572)
calls=1 -25 
* 9
+3 9
-16 3

fn=(1656)
601 6
+2 3
+6 3
+3 3
54 2
624 3

fn=(1592)
343 1
+1 2
-1 7
+3 3
+1 1
fi=(284)
1025 3
+1 2
fe=(245)
347 2
cfi=(283) ./libio/./libio/filedoalloc.c
cfn=(1594) _IO_file_doallocate
calls=1 78 
* 283
* 2
+3 6

fn=(1602)
164 78
+1 39
+3 39
+4 26
+1 26
+7 13
-4 13
+4 13
-2 26
+3 13
+1 52

fn=(1410)
518 1
+3 3
1044 1
523 1
+1 3
+1 1
1058 1
524 2
+1 2
1058 2
524 4
+2 1

fn=(1562)
563 2431
+1 221
cfn=(1564)
calls=221 -33 
* 5085
+1 221
+1 442
+2 1
+4 1
+7 1
+2 1
-9 5
+15 1
+1 6
-1 220
+1 1320
-2 440

fn=(1628) _IO_sputbackc
635 6160
+3 2640
+1 1760
+9 880
+3 4400
-10 1760
+1 880
+5 880

fn=(1648)
937 6
+2 2
+5 3
+2 3

fl=(190)
fn=(918)
52 250
+13 250
+1 250
+1 250
+3 250
+2 250
+1 250
+3 250
+1 250
+8 250
+1 250
+1 26
+5 52
+26 176
+13 176
+1 176
+1 176
+6 352
+4 1
+13 1
+1 1
+1 1
+6 2
+4 35
+13 35
+1 35
+1 35
+6 70
+4 11
+13 11
+1 11
+1 11
+6 22
+7 224
+15 224
+6 224
+1 224
+1 224
+2 48
+1 48
+1 48
+1 48
+2 47
+1 47
+1 47
+1 47
+2 12
+1 12
+1 12
+1 12
+18 1
+1 2
+14 1
+1 1
+1 1
+1 1
+2 1
+1 1
+1 1
+2 1
+1 1
+1 1
+3 1
+1 1
+1 1
+1 1
+1 1
+2 1
+1 1
+1 1
+1 1
+77 1
+1 1
+1 1
+5 2

fl=(171)
fn=(552)
29 32
+2 224
+2 128
+2 128
+1 32

fl=(129)
fn=(402)
29 2
fi=(110)
+6 10
+1 6
+3 4
+4 6
+3 8
fe=(129)
-17 2

fl=(200)
fn=(1006)
158 42
+1 84
+5 42
+1 42
+1 41
+1 41
+1 41
+13 4
+1 4
+2 8
+53 41
+1 41
+6 41
+1 41
+12 41
+3 41
+1 41
+12 37
+1 37
+13 37
+1 37
+2 37
+3 36
+3 36
+3 36
+1 36
+1 36
+1 36
+1 36
+1 36
+1 36
-6 18
+1 18
+1 18
+1 18
+1 18
+1 18
+1 54
+3 36
+1 36
+1 36
+1 36
+3 72
-6 1
+1 1
+1 1
+1 1
+3 2
+23 1
+9 1
+1 1
+31 1
+1 1
+1 1

fl=(296) ./signal/../sysdeps/unix/syscall-template.S
fn=(1672) sigaltstack
120 10
+2 2

fl=(218)
fn=(1260)
25 32
+1 96
+5 64
+2 384
+7 32

fl=(219)
fn=(1296)
32 24
+1 6
fi=(220) ./posix/../sysdeps/unix/sysv/linux/x86/../sysconf.c
+16 20
fe=(219)
-12 20
fi=(221) ./posix/../sysdeps/posix/sysconf.c
+23 23
630 1
cfi=(222) ./misc/../sysdeps/unix/sysv/linux/getsysstats.c
cfn=(1302) get_nprocs_conf
calls=1 230 
* 418
* 2
221 1
cfi=(240)
cfn=(1396)
calls=1 27 
* 6
* 2
60 2
fe=(219)

fl=(203)
fn=(1060)
40 18
+1 3
cob=(4)
cfi=(175)
cfn=(916)
calls=3 -41 
* 48
* 3
+1 6
cob=(4)
cfi=(175)
cfn=(1062)
calls=3 -42 
* 558
+2 6
fi=(204) ./string/../string/bits/string_fortified.h
-15 9
fe=(203)
+19 12
fi=(204)
-19 3
cob=(4)
cfi=(175)
cfn=(1070)
calls=3 -29 
* 72
fe=(203)

fl=(116)
fn=(362)
29 1
fi=(313)
+7 5
fe=(116)
-7 1

fl=(135)
fn=(422)
29 1
fi=(136) ./string/../sysdeps/x86_64/multiarch/ifunc-evex.h
+9 3
-1 4
+2 3
+6 2
-3 2
+9 3
+3 4
fe=(135)
-25 1

fl=(283)
fn=(1594)
78 11
+6 4
fi=(284)
1025 3
+1 2
fe=(283)
84 3
cfi=(278)
cfn=(1596)
calls=1 1147 
* 9
* 2
+2 4
+11 4
+4 2
cob=(4)
cfi=(175)
cfn=(1062)
calls=1 0 
* 193
* 1
+1 2
+2 4
cfi=(245)
cfn=(1598)
calls=1 329 
* 29
+1 1
+1 9

fl=(88)
fn=(296)
30 1
fi=(89) ./wcsmbs/../sysdeps/x86_64/multiarch/ifunc-wcslen.h
+11 2
-1 4
+2 3
+3 2
+4 3
+3 3
fe=(88)
-22 1

fl=(99)
fn=(324)
29 3
fi=(100)
+28 9
-1 6
+4 9
+14 6
+3 6
+8 6
+8 6
+3 15
fe=(99)

fl=(127)
fn=(390)
31 1
fi=(115)
+6 2
-1 4
fe=(127)
-5 2
fi=(115)
+7 3
+3 2
+4 3
+3 4
fe=(127)

fl=(281)
fn=(1584)
27 440
+1 440
cfi=(282) ./libio/./libio/iogetdelim.c
cfn=(1586) getdelim
calls=220 +13 
* 32870

fl=(97)
fn=(320)
31 1
fi=(98)
+9 3
-1 4
+2 3
+3 2
+4 4
fe=(97)
-17 1

fl=(139)
fn=(432)
33 1
fi=(100)
+24 3
-1 2
+4 3
+14 2
+3 2
+8 2
+8 2
+3 5
fe=(139)

fl=(194)
fn=(984)
262 1
fi=(195) ./malloc/../sysdeps/unix/sysv/linux/not-cancel.h
97 3
fe=(194)
262 7
+5 1
fi=(195)
97 3
fi=(193)
3143 2
fe=(194)
292 2
+4 3
fi=(193)
1946 4
+3 1
-3 1
+3 2
-3 2
+3 126
-3 126
+3 252
-3 252
+11 1
fe=(194)
300 3
fi=(193)
1958 1
+2 1
fe=(194)
300 1
cob=(4)
cfi=(175)
cfn=(560)
calls=1 0 
* 25
+1 4
cob=(4)
cfi=(175)
cfn=(560)
calls=1 0 
* 26
+1 4
cob=(4)
cfi=(175)
cfn=(560)
calls=1 0 
* 25
+1 4
cob=(4)
cfi=(175)
cfn=(560)
calls=1 0 
* 25
+1 4
cob=(4)
cfi=(175)
cfn=(560)
calls=1 0 
* 26
+1 4
cob=(4)
cfi=(175)
cfn=(560)
calls=1 0 
* 25
+1 4
cob=(4)
cfi=(175)
cfn=(560)
calls=1 0 
* 25
+2 4
cob=(4)
cfi=(175)
cfn=(560)
calls=1 0 
* 25
+1 4
cob=(4)
cfi=(175)
cfn=(560)
calls=1 0 
* 25
+1 4
cob=(4)
cfi=(175)
cfn=(560)
calls=1 0 
* 25
+3 4
cob=(4)
cfi=(175)
cfn=(560)
calls=1 0 
* 25
+1 4
cob=(4)
cfi=(175)
cfn=(560)
calls=1 0 
* 25
+2 2
+10 8

fl=(196)
fn=(994)
25 2
+1 4
-1 4
+4 2
cfi=(197)
cfn=(996)
calls=2 +8 
* 77
+1 4
+4 4

fl=(267) ./io/../sysdeps/unix/sysv/linux/poll.c
fn=(1534) poll
27 1
+2 2
-2 6
+2 1
cfi=(268)
cfn=(1536)
calls=1 +2 
* 18
* 11
cfi=(268)
cfn=(1540)
calls=1 +34 
* 15
* 1
+14 2

fl=(114)
fn=(358)
31 1
fi=(115)
+6 2
-1 4
fe=(114)
-5 2
fi=(115)
+7 3
+3 2
+4 3
+3 4
fe=(114)

fl=(130)
fn=(406)
29 1
fi=(131) ./wcsmbs/../sysdeps/x86_64/multiarch/ifunc-memcmp.h
+5 5
+1 2
+1 2
+1 3
+3 2
+4 3
+3 4
fe=(130)
-18 2

fl=(138)
fn=(428)
31 1
fi=(98)
+9 3
-1 4
+2 3
+3 2
+4 4
fi=(315) ./wcsmbs/../sysdeps/x86_64/multiarch/wcpncpy.c
-17 1
fe=(138)

fl=(280)
fn=(1578)
77 9
+5 1
-5 3
+5 2
+2 4
cob=(4)
cfi=(175)
cfn=(1580)
calls=1 -84 
* 23
* 1
+1 2
+1 2
+75 12

fl=(176) ./nptl/../sysdeps/unix/sysv/linux/x86/elision-conf.c
fn=(562) __lll_elision_init
92 2
+4 1
-4 2
+4 2
-4 1
+4 1
-4 3
+4 1
cob=(4)
cfi=(175)
cfn=(560)
calls=1 -96 
* 26
+2 4
cob=(4)
cfi=(175)
cfn=(560)
calls=1 -98 
* 26
+2 4
cob=(4)
cfi=(175)
cfn=(560)
calls=1 0 
* 26
+2 4
cob=(4)
cfi=(175)
cfn=(560)
calls=1 0 
* 26
+2 4
cob=(4)
cfi=(175)
cfn=(560)
calls=1 0 
* 26
+3 3
+1 1
+1 6

fl=(198)
fn=(998)
36 2
fi=(316) ./misc/../sysdeps/unix/sysv/linux/brk_call.h
-12 4
fe=(198)
+13 4
+1 4
+6 2
+1 2

fl=(172)
fn=(554)
38 4
+1 14
+1 2

fl=(247)
fn=(1416)
97 372
+2 62
-19 93
+2 4
cfi=(248)
cfn=(1418)
calls=1 -40 
* 16
+1 4
+3 1
+20 1
-42 1
-11 1
+11 1
-2 1
-9 1
+11 2
-2 1
+2 4
cfi=(249)
cfn=(1420)
calls=1 -12 
* 19
+42 30
-42 30
-11 30
+11 30
-2 30
-9 30
+11 60
-2 30
+2 120
cfi=(249)
cfn=(1420)
calls=30 -12 
* 570
+45 62
+1 248

fl=(222)
fn=(1302)
230 2
+1 1
-1 1
+1 1
cfn=(1304) read_sysfs_file
calls=1 -92 
* 409
+1 2
+5 2

fn=(1304)
139 1
+9 1
-9 11
+9 1
cfi=(223)
cfn=(1306)
calls=1 28 
* 27
* 1
+3 2
+39 12
72 5
cfi=(224)
cfn=(1308)
calls=1 -47 
* 6
* 1
+1 2
+5 2
-2 1
+2 2
cob=(4)
cfi=(175)
cfn=(1310)
calls=1 -78 
* 21
+1 2
fi=(228) ./misc/../sysdeps/unix/sysv/linux/not-cancel.h
-4 2
cfi=(229)
cfn=(1320)
calls=1 -50 
* 6
+1 1
fe=(222)
+29 2
+45 3
+28 3
+3 3
-1 1
+1 2
+3 2
-26 4
cfi=(226)
cfn=(1314)
calls=1 -33 
* 123
+1 1
-1 1
+1 2
+7 2
+2 1
+1 4
cfi=(226)
cfn=(1314)
calls=1 -44 
* 139
+1 3
+7 3
-75 1
+1 2

fl=(170)
fn=(550)
33 9
+2 1
cfi=(171)
cfn=(552)
calls=1 -6 
* 17
+3 1
fi=(173) ./elf/../sysdeps/nptl/pthread_early_init.h
-5 2
fe=(170)
+8 1
-3 1
+3 1
fi=(173)
-8 1
cfi=(172)
cfn=(554)
calls=1 +5 
* 10
* 3
+1 1
+4 5
+7 1
fi=(317) ./elf/../nptl/nptl-stack.h
+16 3
fi=(173)
-16 1
fi=(317)
+16 2
fi=(173)
-7 1
fi=(317)
+7 3
fi=(173)
-9 1
-6 1
+2 2
+4 4
+1 1
+3 1
cfi=(174)
cfn=(558)
calls=1 -1 
* 104
fe=(170)
-9 3
+2 2
-2 1
cfi=(176)
cfn=(562)
calls=1 +45 
* 169

fl=(287)
fn=(1622)
36 2200
+4 440
+1 440
cob=(4)
cfi=(175)
cfn=(916)
calls=220 -41 
* 5696
* 220
+5 1100
cfi=(245)
cfn=(1598)
calls=220 329 
* 6380
+5 660
-3 220
+1 220
+1 220
+3 220
+1 220
+1 220
+9 220
+1 1320
-14 880

fl=(191)
fn=(922)
206 47
+24 47
+5 47
+14 47
+25 47
+1 47
+1 47
+2 47
+1 47
+4 47
+4 47
+2 47
+2 47
+3 47
+2 47
+1 47
+11 47
+10 47
+1 47
+3 47
+4 94
+5 47
+1 47
+1 47
957 28
+1 28
+1 28
+1 28
+2 28
+3 28
+1 28
+4 23
+1 23
1076 5
+1 5

fl=(237)
fn=(1390)
24 62
+1 62
-1 124
+1 62
+1 93
cfi=(238)
cfn=(1392)
calls=31 -1 
* 1395
+1 124
+2 93

fl=(251)
fn=(1424)
26 32
+10 96
-10 5
+12 2
cob=(4)
cfi=(175)
cfn=(1634)
calls=1 -38 
* 87
+1 2
cob=(4)
cfi=(175)
cfn=(1634)
calls=1 -39 
* 87
+5 66

fl=(282)
fn=(1586)
41 2200
+6 220
-6 660
+6 440
+7 880
+8 1317
+12 660
+1 440
-34 440
+60 232
+6 232
-7 464
+1 232
+6 232
-6 464
+4 5
+2 1
cob=(4)
cfi=(175)
cfn=(1606)
calls=1 0 
* 382
+1 2
-1 1
+1 1
+6 2
+1 2
+2 2
fi=(318) ./libio/../string/bits/string_fortified.h
-88 4
cob=(4)
cfi=(175)
cfn=(1256)
calls=1 -29 
* 32
fe=(282)
+88 231
fi=(318)
-88 924
cob=(4)
cfi=(175)
cfn=(1256)
calls=231 -29 
* 3749
fe=(282)
+91 232
-2 232
+2 488
cfi=(245)
cfn=(1588)
calls=12 269 
* 1572
* 24
+2 24
-3 12
+3 12
-33 48
cob=(4)
cfi=(175)
cfn=(1310)
calls=12 -89 
* 319
* 880
cob=(4)
cfi=(175)
cfn=(1310)
calls=220 -89 
* 7857
* 232
+2 928
+1 928
fi=(284)
979 440
fe=(282)
130 1980
-82 440
+16 1
+1 1
-1 1
+1 1
cob=(4)
cfi=(175)
cfn=(1062)
calls=1 -65 
* 206
* 2
+1 2
+58 660
fi=(284)
979 440
fe=(282)
77 2
cfi=(245)
cfn=(1588)
calls=1 269 
* 449
* 2
+5 4

fl=(230)
fn=(1326)
34 2
+1 7
+2 2
-3 1
+6 1
fi=(319) ./posix/../string/bits/string_fortified.h
+19 1
fe=(230)
-19 2
fi=(319)
+19 1
fe=(230)
-25 1
fi=(319)
+25 1
cob=(4)
cfi=(175)
cfn=(1004)
calls=1 -59 
* 21
fe=(230)
-17 1
+3 2

fl=(92)
fn=(304)
29 1
fi=(89)
+12 2
-1 4
+2 3
+3 2
+4 3
+3 3
fe=(92)
-23 1

fl=(266)
fn=(1528)
29 4
+15 1
-15 5
+15 1
cfi=(258)
cfn=(1442)
calls=1 -16 
* 38
* 1
+2 2
+5 2
+1 2
+3 2
+3 6
cob=(9)
cfi=(263)
cfn=(1530) main
calls=1 -58 
* 541334

fl=(211)
fn=(1238)
54 1
+18 1
+3 1
+3 1
+1 1
+1 1
+1 1
+1 1
+3 1
+1 1
+1 1
+4 1
+7 1
+2 1
458 1
+1 1
+5 1
+4 1
+1 1
+13 1
+1 1
+1 1
+1 1
+1 1
+30 1
+1 1
+1 1
+1 1
+1 1
+4 1
+7 1
+2 1
+1 1
+1 1

fl=(132)
fn=(410)
29 1
fi=(94)
+28 3
-1 2
+4 3
+14 2
+3 2
+8 2
+8 2
+3 5
fe=(132)

fl=(273)
fn=(1548)
26 5
+1 15
fi=(271)
+26 5
fe=(273)
-26 10
+6 5
cfi=(236)
cfn=(1388)
calls=5 +10 
* 282

fl=(188)
fn=(898)
25 2
+2 6
+2 2
+2 4
-2 1
+2 8
-4 4
+6 6
+4 6
+6 2
-3 2
+3 2

fl=(225)
fn=(1312)
61 233
+7 233
+2 233
+3 233
+1 233
+2 233
+1 233
+1 233
+1 233
+3 233
+1 233
+3 233
+1 233
+2 226
+1 226
+1 7
+1 7
+2 14
+7 7
+5 7
+7 7
+1 7
+1 1
+1 1
+5 106
+1 106
+1 106
+1 212
+4 6
+1 6
+4 47
+1 47
+1 47
+1 94
+4 12
+1 12
+1 12
+1 24
+5 24
+1 24
+1 24
+1 48
+10 219
+1 219
+1 219
+2 219
+10 219
+1 219
+3 219
+1 219
+2 194
+1 194
+2 88
+1 88
+1 88
+1 88
+2 41
+1 41
+1 41
+1 41
+2 29
+1 29
+1 29
+1 29
+4 5
+1 5
+3 5
+1 5
+1 5
+1 5
+5 10
+10 5
+1 5
+1 5
+1 5
+1 5
+1 5
+1 5
+2 5
+6 5
+1 5
+18 25
+1 25
+3 13
+1 13
+4 5
+1 5
+3 3
+1 3
+1 3
+1 3
+1 3
+1 2
+1 2
+2 8
+8 5
+1 5
+1 5
+2 4
+1 4
+1 4
+2 3
+2 3
+1 3
+1 3
+4 3
+2 3
+1 6
+5 12
+2 12
+2 12
+1 12
+1 12
+1 12
+1 24
+3 1
+1 2
+5 1
+4 1
+2 1
+1 2
+4 5
+4 5
+2 5
+1 10
+21 8
+1 8
+1 8
+1 8
+2 4
+1 4
+3 4
+1 4
+3 4
+1 4
+4 4
+1 4
+2 1
+1 1
+2 1
+1 1
+1 1
+1 1
+1 1
+1 1
+2 8

fl=(120)
fn=(370)
31 1
fi=(115)
+6 2
-1 4
fe=(120)
-5 2
fi=(115)
+7 3
+3 2
+4 3
+3 4
fe=(120)

fl=(113)
fn=(356)
67 1
-23 2
-1 4
+24 2
-22 3
+3 2
+4 3
+3 4

fl=(122)
fn=(378)
29 3
fi=(123) ./string/../sysdeps/x86_64/multiarch/ifunc-memcmp.h
+5 15
+1 6
+1 6
+1 9
+3 6
+4 9
+3 12
fe=(122)
-18 6

fl=(181)
fn=(598)
53 1
+1 1
+1 1
+2 1
+1 1
+4 1
+1 1
+1 1
+3 1
+2 1
+1 1
+1 1
+1 1
+25 1
+1 1
+1 1
+1 1
+1 1
+26 1
+1 1
+4 2
+24 1
+3 1
+1 1
+1 1
+1 1
+1 1
+1 1

fl=(297) ./misc/./misc/getauxval.c
fn=(1674) getauxval
56 1
-24 1
-2 2
+5 2
+7 92
+1 44
+19 2
+1 1
+1 1

fl=(82)
fn=(284)
86 1
fi=(83) ./string/../sysdeps/x86/cacheinfo.h
-27 1
+3 3
+2 1
+1 1
-1 2
+7 3
+2 1
+1 1
-1 2
+5 2
+2 2
+1 2
+1 2
+2 2
+2 2
fe=(82)

fl=(243)
fn=(1402)
117 160
+5 32

fn=(1678) gettid
91 3
+2 1

fl=(288)
fn=(1624)
278 2860
+10 1100
+1 220
fi=(290) ./stdio-common/../include/scratch_buffer.h
78 220
fe=(288)
289 220
fi=(290)
77 440
fe=(288)
339 220
fi=(290)
77 220
fe=(288)
339 880
+6 660
+3 880
+4 220
+20 440
-20 220
+13 220
-6 220
+8 440
-8 220
+8 220
+5 440
-5 220
+5 660
cfi=(279)
cfn=(1570)
calls=220 24 
* 2860
* 660
+9 220
fi=(314)
59 220
fe=(288)
381 660
-49 220
-48 220
-1 220
+10 220
-11 220
+46 220
-1 220
-1 220
-1 220
-12 220
-30 440
419 1320
+24 1320
+1 1320
+3 1100
+7 1760
+8 220
-8 220
+8 440
+8 440
-27 440
-62 2640
3095 1320
+3 440
223 440
-17 440
+17 440
-1 440
489 440
222 880
489 880
222 440
489 880
-6 440
fi=(289)
55 2640
fe=(288)
506 2200
345 440
3105 880
cfi=(279)
cfn=(1572)
calls=220 54 
* 1980
fi=(290)
85 880
fe=(288)
3109 440
+17 440
+6 2640
660 880
+4 880
+1 2640
+4 440
+1 1320
-1 440
+1 3080
+6 2640
+3 880
-3 440
+3 1760
-3 880
+4 3520
+1 2200
+4 1320
-4 1320
cfi=(245)
cfn=(1628)
calls=440 -46 
* 9680
+4 5280
530 440
+3 3960
+13 1320
+8 440
-21 880
1450 2640
+5 440
-5 440
+5 880
+9 3080
+2 226
260 113
1466 226
260 226
+3 339
1470 791
+2 904
+12 226
+10 226
1813 1760
+9 440
fi=(290)
113 1760
fe=(288)
1822 880
fi=(290)
113 1320
fe=(288)
1815 8388
260 7508
1877 3754
260 7508
+3 11262
1879 15016
+2 33786
-68 9268
231 440
1884 880
206 440
1891 880
214 880
1892 880
+28 3080
cfi=(245)
cfn=(1628)
calls=440 635 
* 9680
* 1320
260 880
+3 1320
1924 880
1742 880
1942 880
206 440
1742 880
1941 1320
+7 1320
+3 2200
+6 440
-4 880
+18 3960
+9 880
3084 440
-5 880
1817 21410
1498 654
1813 880
1501 1320
1945 440
cfi=(226)
cfn=(1630)
calls=440 107 
* 120765
* 1320
+25 880
+1 1320

fl=(205)
fn=(1072)
249 3
+1 3
+1 15
+4 3
+1 3
+6 3
+1 3
+42 3
+1 3
+2 3
+1 3
+2 3
+4 3
+16 3
+1 3
+1 3
+1 3
+1 3

fn=(1076)
255 371
+1 371
+6 371
+1 371
+2 279
+1 279
+1 279
+3 178
+1 178
+1 178
+3 356
+30 92
+1 92
+2 50
+1 50
+2 43
+4 43
+1 6
+1 6
+1 4
+1 4
+1 3
+1 3
+2 3
+2 3
-2 1
+2 3
+6 37
+1 37
+1 37
+1 37
+1 37
+7 42
+1 42
+1 42
+1 42
+2 42
+17 7
+1 7
+1 7
+1 7
+1 7
+7 39
+1 39
+1 39
+1 39
+1 39
+1 39
+1 78
+5 101
+1 101
+5 101
+1 101
+2 53
+1 53
+1 53
+2 14
+1 14
+1 14
+1 14
+1 14
+1 14
+1 14
+1 14
+1 14
+1 14
+1 14
+1 14
+1 14
+1 14
+1 28
+4 48
+1 48
+4 48
+2 48
+4 48
+1 48
+11 48
+3 48
+2 48
+2 48
+4 48
+1 48
+9 46
+1 46
+2 46
+2 46
+1 46
+1 46
+3 46
+2 46
+2 46
+2 92
+6 46
+1 46
+1 46
+1 46
+1 46
+1 46
+1 46
+1 46
+1 46
+1 46
+1 46
+1 46
-11 149
+1 149
+1 149
+1 149
+1 149
+1 149
+1 149
+1 149
+1 149
+1 149
+1 149
+1 149
+2 46
+1 46
+1 46
+1 46
+2 46
+4 92
+13 2
+1 2
+2 2
+1 2
+1 2
+2 2
+2 2
+2 4
+6 2
+1 2
+1 2
+1 2
+1 2
+1 2
+1 2
+1 2
+1 2
+1 2
+1 2
+1 2
-11 4
+1 4
+1 4
+1 4
+1 4
+1 4
+1 4
+1 4
+1 4
+1 4
+1 4
+1 4
+2 2
+1 2
+1 2
+1 2
+2 2
+1 4

fl=(215)
fn=(1582)
53 1
+2 1
+1 1
+1 1
+1 1
+1 1
+3 1
+1 1
+4 1
+1 1
+1 1
+1 1
+1 1
+1 1
+1 1
+1 1
+3 1
+8 1
+8 1
+1 2

fn=(1252)
53 64
+2 64
+1 64
+1 64
+1 64
+1 64
+3 64
+1 64
+4 64
+1 64
+1 64
+1 64
+1 64
+1 64
+1 64
+1 64
+13 64
+2 128

fl=(86)
fn=(292)
29 1
fi=(313)
+7 5
fe=(86)
-7 1

ob=(5)
fl=(178)
fn=(586)
0 12

ob=(9)
fl=(263)
fn=(1670) std::sys::pal::unix::stack_overflow::imp::make_handler
0 18
cob=(2)
cfi=(296)
cfn=(1672)
calls=1 120 
0 6
0 4
cob=(2)
cfi=(297)
cfn=(1674)
calls=1 56 
0 146
0 11
cob=(2)
cfi=(242)
cfn=(1400)
calls=1 47 
0 26
0 7
cob=(2)
cfi=(243)
cfn=(1402)
calls=1 117 
0 6
0 9
cob=(2)
cfi=(296)
cfn=(1672)
calls=1 120 
0 6
0 9

fn=(1684) std::rt::lang_start::{{closure}}
0 3
cfn=(1686) std::sys::backtrace::__rust_begin_short_backtrace
calls=1 0 
0 59503

fn=(1702) std::sync::once_lock::OnceLock<T>::initialize
0 17
cfn=(1704) std::sys::sync::once::futex::Once::call
calls=1 0 
0 262
0 2

fn=(1718) core::str::converts::from_utf8
0 2003

fn=(1726) <P as clap_builder::builder::value_parser::AnyValueParser>::possible_values
0 6
cob=(2)
cfi=(193)
cfn=(1064)
calls=2 3294 
0 242
0 18

fn=(1730) <core::iter::adapters::map::Map<I,F> as core::iter::traits::iterator::Iterator>::next
0 78

fn=(1740) clap_builder::parser::parser::Parser::parse_opt_value
0 46
cfn=(1742) clap_builder::parser::parser::Parser::resolve_pending
calls=2 0 
0 5107
0 58

fn=(1752) clap_builder::parser::arg_matcher::ArgMatcher::start_custom_arg
0 197
cob=(2)
cfi=(299)
cfn=(1744)
calls=2 73 
0 44
0 106
cfn=(1774) <T as core::any::Any>::type_id
calls=1 0 
0 4
cfn=(1754) <P as clap_builder::builder::value_parser::AnyValueParser>::type_id
calls=2 0 
0 8
cfn=(1754)
calls=2 0 
0 8
0 90
cfn=(1756) clap_builder::util::flat_map::Entry<K,V>::or_insert
calls=5 0 
0 1762
0 40
cfn=(1758) clap_builder::parser::matches::matched_arg::MatchedArg::new_val_group
calls=5 0 
0 2811
0 40

fn=(1774)
0 24

fn=(1780) clap_builder::builder::command::Command::required_graph
0 11
cob=(2)
cfi=(193)
cfn=(1064)
calls=1 3294 
0 201
0 89

fn=(1792) clap_builder::parser::arg_matcher::ArgMatcher::fill_in_global_values
0 28

fn=(1804) clap_builder::parser::matches::arg_matches::ArgMatches::try_remove_one
0 33
cfn=(1806) clap_builder::util::flat_map::FlatMap<K,V>::remove_entry
calls=3 0 
0 453
0 85
cob=(2)
cfi=(193)
cfn=(1636)
calls=2 3359 
0 170
0 54
cob=(2)
cfi=(193)
cfn=(1636)
calls=2 3359 
0 200
0 16
cob=(2)
cfi=(193)
cfn=(1636)
calls=2 3359 
0 170
0 10
cob=(2)
cfi=(193)
cfn=(1636)
calls=2 3359 
0 170
0 88
cfn=(1808) core::ptr::drop_in_place<core::iter::adapters::flatten::Flatten<alloc::vec::into_iter::IntoIter<alloc::vec::Vec<clap_builder::util::any_value::AnyValue>>>>
calls=2 0 
0 472
0 44
cfn=(1774)
calls=2 0 
0 8
0 40
cob=(2)
cfi=(193)
cfn=(1636)
calls=2 3359 
0 170
0 26
cfn=(1806)
calls=2 0 
0 304
0 78
cob=(2)
cfi=(193)
cfn=(1636)
calls=2 3359 
0 200
0 56
cob=(2)
cfi=(193)
cfn=(1636)
calls=2 3359 
0 230
0 16
cob=(2)
cfi=(193)
cfn=(1636)
calls=2 3359 
0 228
0 10
cob=(2)
cfi=(193)
cfn=(1636)
calls=2 3359 
0 230
0 88
cfn=(1808)
calls=2 0 
0 532
0 36
cfn=(1774)
calls=2 0 
0 8
0 32
cob=(2)
cfi=(193)
cfn=(1636)
calls=2 3359 
0 230
0 2

fn=(1516)
0 4

fn=(1756)
0 99
cfn=(1692) alloc::raw_vec::RawVec<T,A>::grow_one
calls=2 0 
0 729
0 64
cfn=(1692)
calls=2 0 
0 775
0 115
cfn=(1768) core::ptr::drop_in_place<clap_builder::parser::matches::matched_arg::MatchedArg>
calls=1 0 
0 38
0 56

fn=(1776) <F as clap_builder::builder::value_parser::TypedValueParser>::parse_ref
0 14
cfn=(1718)
calls=1 0 
0 48
0 8
cfn=(1778) core::num::<impl core::str::traits::FromStr for usize>::from_str
calls=1 0 
0 51
0 14

fn=(1794) core::ptr::drop_in_place<clap_builder::util::flat_map::FlatMap<clap_builder::util::id::Id,clap_builder::parser::matches::matched_arg::MatchedArg>>
0 27

fn=(1796) core::ptr::drop_in_place<clap_builder::builder::command::Command>
0 19
cob=(2)
cfi=(193)
cfn=(1636)
calls=1 3359 
0 85
0 7
cob=(2)
cfi=(193)
cfn=(1636)
calls=1 3359 
0 85
0 75
cfn=(1798) core::ptr::drop_in_place<clap_builder::builder::arg::Arg>
calls=7 0 
0 2707
0 18
cob=(2)
cfi=(193)
cfn=(1636)
calls=1 3359 
0 179
0 4
cob=(2)
cfi=(193)
cfn=(1636)
calls=1 3359 
0 85
0 23
cob=(2)
cfi=(193)
cfn=(1636)
calls=1 3359 
0 85
0 8
cob=(2)
cfi=(193)
cfn=(1636)
calls=1 3359 
0 85
0 13
cfn=(1802) core::ptr::drop_in_place<clap_builder::builder::ext::Extensions>
calls=1 0 
0 23

fn=(1802)
0 23

fn=(1810) <alloc::vec::into_iter::IntoIter<T,A> as core::ops::drop::Drop>::drop
0 115
cob=(2)
cfi=(193)
cfn=(1636)
calls=5 3359 
0 425

fn=(1814) alloc::sync::Arc<T,A>::drop_slow
0 54
cob=(2)
cfi=(193)
cfn=(1636)
calls=2 3359 
0 230

fn=(1504)
0 12
cob=(2)
cfi=(264)
cfn=(1506)
calls=1 242 
0 541581

fn=(1676) std::sys::pal::unix::stack_overflow::thread_info::set_current_info
0 13
cob=(2)
cfi=(243)
cfn=(1678)
calls=1 91 
0 4
0 15
cfn=(1680) __rustc::__rust_alloc
calls=1 0 
0 207
0 6
cob=(2)
cfi=(298)
cfn=(1682)
calls=1 25 
0 4
0 32
cfn=(1680)
calls=1 0 
0 204
0 37

fn=(1688) bitmamba_inference::main
0 14
cfn=(1690) <bitmamba_inference::Args as clap_builder::derive::CommandFactory>::command
calls=1 0 
0 11750
0 14
cob=(2)
cfi=(193)
cfn=(1064)
calls=1 3294 
0 45
0 85
cob=(2)
cfi=(190)
cfn=(918)
calls=5 52 
0 119
0 25
cob=(2)
cfi=(193)
cfn=(1064)
calls=5 3294 
0 821
0 35
cob=(2)
cfi=(205)
cfn=(1076)
calls=5 255 
0 89
0 47
cob=(2)
cfi=(193)
cfn=(1064)
calls=1 3294 
0 197
0 127
cob=(2)
cfi=(193)
cfn=(1636)
calls=1 3359 
0 85
0 29
cfn=(1714) <std::path::Components as core::iter::traits::double_ended::DoubleEndedIterator>::next_back
calls=1 0 
0 256
0 7
cfn=(1718)
calls=1 0 
0 158
0 12
cob=(2)
cfi=(193)
cfn=(1064)
calls=1 3294 
0 197
0 9
cob=(2)
cfi=(205)
cfn=(1076)
calls=1 255 
0 11
0 9
cfn=(1720) clap_builder::builder::command::Command::_do_parse
calls=1 0 
0 33685
0 42
cob=(2)
cfi=(193)
cfn=(1636)
calls=5 3359 
0 425
0 9
cob=(2)
cfi=(193)
cfn=(1636)
calls=1 3359 
0 85
0 4
cob=(2)
cfi=(205)
cfn=(1076)
calls=1 255 
0 101
0 10
cfn=(1796)
calls=1 0 
0 3501
0 6
cfn=(1804)
calls=1 0 
0 1080
0 18
cfn=(1804)
calls=1 0 
0 1034
0 17
cfn=(1804)
calls=1 0 
0 1143
0 14
cfn=(1806)
calls=1 0 
0 151
0 36
cob=(2)
cfi=(193)
cfn=(1636)
calls=1 3359 
0 113
0 24
cob=(2)
cfi=(193)
cfn=(1636)
calls=1 3359 
0 115
0 6
cob=(2)
cfi=(193)
cfn=(1636)
calls=1 3359 
0 115
0 5
cob=(2)
cfi=(193)
cfn=(1636)
calls=1 3359 
0 115
0 43
cfn=(1808)
calls=1 0 
0 266
0 8
cfn=(1804)
calls=1 0 
0 73
0 13
cfn=(1804)
calls=1 0 
0 1159
0 28
cfn=(1812) core::ptr::drop_in_place<clap_builder::parser::matches::arg_matches::ArgMatches>
calls=1 0 
0 1734
0 8
cfn=(1816) alloc::fmt::format::format_inner
calls=1 0 
0 26
0 10
cfn=(1774)
calls=1 0 
0 4
0 18
cob=(2)
cfi=(193)
cfn=(1636)
calls=1 3359 
0 115
0 1

fn=(1694) alloc::raw_vec::RawVecInner<A>::finish_grow
0 1462
cob=(2)
cfi=(193)
cfn=(1608)
calls=5 3407 
0 1896
0 282
cob=(2)
cfi=(193)
cfn=(1064)
calls=42 3294 
0 7706
0 833
cfn=(1680)
calls=9 0 
0 1758
0 117

fn=(1698) clap_builder::builder::arg::Arg::value_parser
0 145
cob=(2)
cfi=(205)
cfn=(1076)
calls=5 255 
0 445

fn=(1746) clap_builder::parser::parser::Parser::react
0 95
cfn=(1742)
calls=3 0 
0 66
cfn=(1743) clap_builder::parser::parser::Parser::resolve_pending'2
calls=2 0 
0 44
0 145
cfn=(1748) clap_builder::parser::arg_matcher::ArgMatcher::remove
calls=2 0 
0 70
0 6
cfn=(1748)
calls=1 0 
0 53
0 66
cfn=(1750) clap_builder::parser::parser::Parser::start_custom_arg
calls=3 0 
0 7100
0 21
cfn=(1762) clap_builder::parser::parser::Parser::push_arg_values
calls=3 0 
0 6737
0 104
cfn=(1748)
calls=2 0 
0 162
0 20
cfn=(1750)
calls=2 0 
0 1447
0 14
cfn=(1762)
calls=2 0 
0 3166
0 20

fn=(1760) clap_builder::parser::arg_matcher::ArgMatcher::add_val_to
0 286
cob=(2)
cfi=(299)
cfn=(1744)
calls=9 73 
0 177
0 207
cfn=(1692)
calls=7 0 
0 1918
0 147
cfn=(1692)
calls=7 0 
0 1988
0 133

fn=(1690)
0 74
cfn=(1692)
calls=1 0 
0 277
0 110
cfn=(1692)
calls=1 0 
0 225
0 79
cfn=(1692)
calls=1 0 
0 274
0 34
cob=(2)
cfi=(205)
cfn=(1076)
calls=1 255 
0 101
0 59
cfn=(1696) <alloc::vec::Vec<T> as alloc::vec::spec_from_iter::SpecFromIter<T,I>>::from_iter
calls=1 0 
0 253
0 12
cob=(2)
cfi=(205)
cfn=(1076)
calls=1 255 
0 89
0 6
cfn=(1698)
calls=1 0 
0 118
0 5
cob=(2)
cfi=(205)
cfn=(1076)
calls=1 255 
0 89
0 9
cfn=(1700) alloc::raw_vec::RawVecInner<A>::reserve::do_reserve_and_handle
calls=1 0 
0 285
0 32
cob=(2)
cfi=(205)
cfn=(1076)
calls=1 255 
0 75
0 21
cfn=(1696)
calls=1 0 
0 253
0 16
cob=(2)
cfi=(205)
cfn=(1076)
calls=1 255 
0 77
0 31
cob=(2)
cfi=(205)
cfn=(1076)
calls=1 255 
0 77
0 16
cfn=(1692)
calls=1 0 
0 261
0 6
cob=(2)
cfi=(205)
cfn=(1076)
calls=1 255 
0 89
0 6
cob=(2)
cfi=(205)
cfn=(1076)
calls=1 255 
0 101
0 59
cfn=(1696)
calls=1 0 
0 253
0 12
cob=(2)
cfi=(205)
cfn=(1076)
calls=1 255 
0 89
0 4
cfn=(1698)
calls=1 0 
0 118
0 5
cob=(2)
cfi=(205)
cfn=(1076)
calls=1 255 
0 89
0 9
cfn=(1700)
calls=1 0 
0 285
0 48
cob=(2)
cfi=(205)
cfn=(1076)
calls=1 255 
0 75
0 23
cob=(2)
cfi=(205)
cfn=(1076)
calls=1 255 
0 89
0 6
cob=(2)
cfi=(205)
cfn=(1076)
calls=1 255 
0 101
0 58
cfn=(1696)
calls=1 0 
0 253
0 12
cob=(2)
cfi=(205)
cfn=(1076)
calls=1 255 
0 89
0 6
cfn=(1698)
calls=1 0 
0 118
0 5
cob=(2)
cfi=(205)
cfn=(1076)
calls=1 255 
0 89
0 9
cfn=(1700)
calls=1 0 
0 285
0 50
cob=(2)
cfi=(205)
cfn=(1076)
calls=1 255 
0 77
0 24
cob=(2)
cfi=(205)
cfn=(1076)
calls=1 255 
0 89
0 6
cob=(2)
cfi=(205)
cfn=(1076)
calls=1 255 
0 101
0 58
cfn=(1696)
calls=1 0 
0 253
0 12
cob=(2)
cfi=(205)
cfn=(1076)
calls=1 255 
0 89
0 5
cob=(2)
cfi=(193)
cfn=(1064)
calls=1 3294 
0 198
0 16
cob=(2)
cfi=(205)
cfn=(1076)
calls=1 255 
0 89
0 14
cfn=(1700)
calls=1 0 
0 126
0 32
cob=(2)
cfi=(205)
cfn=(1076)
calls=1 255 
0 77
0 18
cob=(2)
cfi=(205)
cfn=(1076)
calls=1 255 
0 89
0 7
cfn=(1696)
calls=1 0 
0 253
0 22
cob=(2)
cfi=(205)
cfn=(1076)
calls=1 255 
0 77
0 43
cob=(2)
cfi=(205)
cfn=(1076)
calls=1 255 
0 77
0 19
cob=(2)
cfi=(205)
cfn=(1076)
calls=1 255 
0 89
0 6
cob=(2)
cfi=(205)
cfn=(1076)
calls=1 255 
0 101
0 59
cfn=(1696)
calls=1 0 
0 253
0 12
cob=(2)
cfi=(205)
cfn=(1076)
calls=1 255 
0 89
0 4
cfn=(1698)
calls=1 0 
0 118
0 5
cob=(2)
cfi=(205)
cfn=(1076)
calls=1 255 
0 89
0 9
cfn=(1700)
calls=1 0 
0 285
0 52
cob=(2)
cfi=(205)
cfn=(1076)
calls=1 255 
0 77
0 20
cfn=(1692)
calls=1 0 
0 760
0 6
cob=(2)
cfi=(205)
cfn=(1076)
calls=1 255 
0 89
0 6
cob=(2)
cfi=(205)
cfn=(1076)
calls=1 255 
0 101
0 58
cfn=(1696)
calls=1 0 
0 493
0 12
cob=(2)
cfi=(205)
cfn=(1076)
calls=1 255 
0 89
0 5
cfn=(1698)
calls=1 0 
0 118
0 5
cob=(2)
cfi=(205)
cfn=(1076)
calls=1 255 
0 89
0 9
cfn=(1700)
calls=1 0 
0 278
0 50
cob=(2)
cfi=(205)
cfn=(1076)
calls=1 255 
0 77
0 24
cob=(2)
cfi=(205)
cfn=(1076)
calls=1 255 
0 89
0 6
cob=(2)
cfi=(205)
cfn=(1076)
calls=1 255 
0 101
0 9
cfn=(1700)
calls=1 0 
0 278
0 27
cob=(2)
cfi=(205)
cfn=(1076)
calls=1 255 
0 101
0 50
cfn=(1702)
calls=1 0 
0 281
0 1

fn=(1696)
0 216
cob=(2)
cfi=(193)
cfn=(1064)
calls=8 3294 
0 1872
0 176

fn=(1704)
0 36
cfn=(1706) std::sync::once::Once::call_once_force::{{closure}}
calls=1 0 
0 214
0 12

fn=(1724) core::error::Error::cause
0 8

fn=(1754)
0 16

fn=(1758)
0 82
cfn=(1692)
calls=6 0 
0 1503
0 110
cfn=(1692)
calls=6 0 
0 1662
0 84

fn=(1764) <P as clap_builder::builder::value_parser::AnyValueParser>::parse_ref_
0 10
cfn=(1776)
calls=1 0 
0 135
0 5
cob=(2)
cfi=(193)
cfn=(1064)
calls=1 3294 
0 204
0 35
cfn=(1772) <clap_builder::builder::value_parser::BoolValueParser as clap_builder::builder::value_parser::TypedValueParser>::parse_ref
calls=2 0 
0 66
0 10
cob=(2)
cfi=(193)
cfn=(1064)
calls=2 3294 
0 408
0 60
cob=(2)
cfi=(193)
cfn=(1064)
calls=2 3294 
0 405
0 18
cob=(2)
cfi=(205)
cfn=(1076)
calls=2 255 
0 41
0 14
cfn=(1766) <clap_builder::builder::value_parser::StringValueParser as clap_builder::builder::value_parser::TypedValueParser>::parse
calls=2 0 
0 1689
0 16
cob=(2)
cfi=(193)
cfn=(1064)
calls=2 3294 
0 408
0 40

fn=(1786) <alloc::vec::Vec<T,A> as core::clone::Clone>::clone
0 90

fn=(1806)
0 198
cob=(2)
cfi=(299)
cfn=(1744)
calls=5 73 
0 95
0 85
cob=(2)
cfi=(205)
cfn=(1076)
calls=5 255 
0 70
0 110
cob=(2)
cfi=(205)
cfn=(1076)
calls=5 255 
0 207
0 143

fn=(1728) <alloc::vec::Vec<T> as alloc::vec::spec_from_iter_nested::SpecFromIterNested<T,I>>::from_iter
0 26
cfn=(1730)
calls=2 0 
0 32
0 16
cfn=(1732) <core::iter::adapters::map::Map<I,F> as core::iter::traits::iterator::Iterator>::size_hint
calls=2 0 
0 16
0 36
cob=(2)
cfi=(193)
cfn=(1064)
calls=2 3294 
0 239
0 60
cfn=(1730)
calls=2 0 
0 14
0 8
cfn=(1730)
calls=2 0 
0 32
0 34
cob=(2)
cfi=(193)
cfn=(1636)
calls=2 3359 
0 170
0 24

fn=(1750)
0 188
cob=(2)
cfi=(299)
cfn=(1744)
calls=2 73 
0 41
0 46
cfn=(1752)
calls=2 0 
0 2015
0 12
cfn=(1752)
calls=3 0 
0 3095
0 79
cob=(2)
cfi=(299)
cfn=(1744)
calls=2 73 
0 38
0 46
cob=(2)
cfi=(299)
cfn=(1744)
calls=1 73 
0 19
0 27
cfn=(1756)
calls=1 0 
0 50
0 15
cfn=(1756)
calls=1 0 
0 64
0 18
cfn=(1758)
calls=1 0 
0 36
0 3
cfn=(1758)
calls=1 0 
0 594
0 4
cob=(2)
cfi=(193)
cfn=(1064)
calls=2 3294 
0 249
0 40
cob=(2)
cfi=(193)
cfn=(1064)
calls=2 3294 
0 402
0 16
cob=(2)
cfi=(205)
cfn=(1076)
calls=2 255 
0 28
0 20
cfn=(1760)
calls=2 0 
0 1356
0 46

fn=(1768)
0 26
cfn=(1800) core::ptr::drop_in_place<alloc::vec::Vec<clap_builder::util::any_value::AnyValue>>
calls=2 0 
0 730
0 8
cob=(2)
cfi=(193)
cfn=(1636)
calls=1 3359 
0 115
0 43
cob=(2)
cfi=(193)
cfn=(1636)
calls=2 3359 
0 230
0 12
cob=(2)
cfi=(193)
cfn=(1636)
calls=2 3359 
0 230
0 14
cob=(2)
cfi=(193)
cfn=(1636)
calls=1 3359 
0 115
0 38

fn=(1782) clap_builder::parser::validator::Validator::validate
0 103
cfn=(1784) clap_builder::parser::validator::gather_direct_conflicts
calls=3 0 
0 586
0 50
cfn=(1692)
calls=1 0 
0 118
0 40
cfn=(1692)
calls=1 0 
0 277
0 248
cob=(2)
cfi=(299)
cfn=(1744)
calls=3 73 
0 60
0 182
cob=(2)
cfi=(299)
cfn=(1744)
calls=3 73 
0 60
0 187
cob=(2)
cfi=(299)
cfn=(1744)
calls=3 73 
0 60
0 20
cfn=(1788) clap_builder::parser::validator::Conflicts::gather_conflicts
calls=2 0 
0 386
0 216
cob=(2)
cfi=(299)
cfn=(1744)
calls=3 73 
0 60
0 16
cob=(2)
cfi=(193)
cfn=(1064)
calls=2 3294 
0 84
0 64
cfn=(1692)
calls=2 0 
0 395
0 41
cob=(2)
cfi=(299)
cfn=(1744)
calls=2 73 
0 38
0 38
cob=(2)
cfi=(299)
cfn=(1744)
calls=1 73 
0 19
0 26
cob=(2)
cfi=(193)
cfn=(1636)
calls=2 3359 
0 170
0 8
cob=(2)
cfi=(193)
cfn=(1636)
calls=2 3359 
0 170
0 189
cob=(2)
cfi=(299)
cfn=(1744)
calls=3 73 
0 60
0 94
cfn=(1790) clap_builder::parser::arg_matcher::ArgMatcher::check_explicit
calls=7 0 
0 622
0 220
cob=(2)
cfi=(193)
cfn=(1636)
calls=1 3359 
0 85
0 27
cob=(2)
cfi=(193)
cfn=(1636)
calls=1 3359 
0 85
0 10

fn=(1784)
0 112
cob=(2)
cfi=(299)
cfn=(1744)
calls=3 73 
0 60
0 16
cfn=(1786)
calls=2 0 
0 60
0 75
cob=(2)
cfi=(299)
cfn=(1744)
calls=2 73 
0 38
0 30
cob=(2)
cfi=(299)
cfn=(1744)
calls=2 73 
0 38
0 47
cob=(2)
cfi=(299)
cfn=(1744)
calls=1 73 
0 19
0 13
cfn=(1786)
calls=1 0 
0 30
0 48

fn=(1800)
0 129
cfn=(1814)
calls=2 0 
0 284
0 38
cob=(2)
cfi=(193)
cfn=(1636)
calls=2 3359 
0 370
0 56

fn=(1680)
0 99
cob=(2)
cfi=(193)
cfn=(1064)
calls=11 3294 
0 2070

fn=(1706)
0 8
cob=(2)
cfi=(193)
cfn=(1064)
calls=1 3294 
0 198
0 8

fn=(1734) clap_builder::parser::parser::Parser::get_matches_with
0 289
cfn=(1718)
calls=2 0 
0 96
0 24
cfn=(1736) clap_builder::parser::parser::Parser::possible_subcommand
calls=2 0 
0 84
0 120
cob=(2)
cfi=(299)
cfn=(1744)
calls=2 73 
0 38
0 28
cob=(2)
cfi=(193)
cfn=(1064)
calls=2 3294 
0 535
0 18
cob=(2)
cfi=(205)
cfn=(1076)
calls=2 255 
0 41
0 10
cfn=(1692)
calls=2 0 
0 409
0 38
cob=(2)
cfi=(299)
cfn=(1744)
calls=2 73 
0 38
0 71
cfn=(1718)
calls=2 0 
0 72
0 480
cfn=(1738) clap_lex::ShortFlags::next_value_os
calls=2 0 
0 16
0 42
cfn=(1740)
calls=2 0 
0 5211
0 128
cfn=(1742)
calls=1 0 
0 5939
0 5
cfn=(1770) clap_builder::parser::parser::Parser::add_defaults
calls=1 0 
0 10047
0 17
cfn=(1780)
calls=1 0 
0 301
0 4
cfn=(1782)
calls=1 0 
0 5114
0 12
cob=(2)
cfi=(193)
cfn=(1636)
calls=1 3359 
0 85
0 1

fn=(1736)
0 84

fn=(1748)
0 187
cob=(2)
cfi=(299)
cfn=(1744)
calls=2 73 
0 44
0 54

fn=(1762)
0 409
cfn=(1764)
calls=2 0 
0 2661
0 30
cfn=(1764)
calls=1 0 
0 369
cfn=(1764)
calls=2 0 
0 534
0 80
cfn=(1760)
calls=5 0 
0 3500
0 162
cob=(2)
cfi=(299)
cfn=(1744)
calls=7 73 
0 139
0 69
cfn=(1692)
calls=5 0 
0 1385
0 95
cob=(2)
cfi=(193)
cfn=(1636)
calls=5 3359 
0 425
0 45

fn=(1816)
0 26

fn=(1518)
0 12

fn=(1530)
0 7
cfn=(1532) std::rt::lang_start_internal
calls=1 0 
0 541327

fn=(1692)
0 75
cfn=(1694)
calls=5 0 
0 1229
0 150
cfn=(1694)
calls=7 0 
0 1612
0 93
cfn=(1694)
calls=2 0 
0 727
0 138
cfn=(1694)
calls=8 0 
0 2044
0 102
cfn=(1694)
calls=2 0 
0 973
0 213
cfn=(1694)
calls=13 0 
0 3130
0 132
cfn=(1694)
calls=1 0 
0 250
0 162
cfn=(1694)
calls=9 0 
0 2154
0 90

fn=(1716) std::path::Components::parse_next_component_back
0 179

fn=(1766)
0 32
cfn=(1718)
calls=2 0 
0 1629
0 28

fn=(1770)
0 215
cob=(2)
cfi=(299)
cfn=(1744)
calls=3 73 
0 63
0 63
cob=(2)
cfi=(193)
cfn=(1064)
calls=3 3294 
0 294
0 45
cob=(2)
cfi=(193)
cfn=(1064)
calls=3 3294 
0 594
0 27
cob=(2)
cfi=(205)
cfn=(1076)
calls=3 255 
0 48
0 81
cfn=(1746)
calls=3 0 
0 8532
0 85

fn=(1714)
0 61
cfn=(1716)
calls=1 0 
0 179
0 16

fn=(1720)
0 14
cfn=(1722) clap_builder::builder::command::Command::_build_self
calls=1 0 
0 4182
0 15
cfn=(1734)
calls=1 0 
0 29313
0 78
cfn=(1792)
calls=1 0 
0 28
0 2
cfn=(1794)
calls=1 0 
0 27
0 26

fn=(1722)
0 268
cfn=(1726)
calls=2 0 
0 266
0 7
cfn=(1724)
calls=1 0 
0 2
0 9
cfn=(1724)
calls=3 0 
0 6
0 12
cfn=(1728)
calls=2 0 
0 707
0 166
cob=(2)
cfi=(193)
cfn=(1636)
calls=2 3359 
0 170
0 77
cfn=(1700)
calls=1 0 
0 126
0 27
cob=(2)
cfi=(205)
cfn=(1076)
calls=1 255 
0 89
0 186
cob=(2)
cfi=(193)
cfn=(1064)
calls=2 3294 
0 394
0 136
cob=(2)
cfi=(193)
cfn=(1064)
calls=2 3294 
0 394
0 428
cfn=(1692)
calls=1 0 
0 318
0 8
cfn=(1700)
calls=1 0 
0 275
0 111

fn=(1732)
0 16

fn=(1742)
0 132
cob=(2)
cfi=(299)
cfn=(1744)
calls=2 73 
0 38
0 36
cfn=(1746)
calls=2 0 
0 10804
0 102

fn=(1743)
0 44

fn=(1778)
0 51

fn=(1788)
0 84
cob=(2)
cfi=(299)
cfn=(1744)
calls=2 73 
0 38
0 134
cob=(2)
cfi=(299)
cfn=(1744)
calls=2 73 
0 38
0 92

fn=(1790)
0 331
cob=(2)
cfi=(299)
cfn=(1744)
calls=8 73 
0 161
0 130

fn=(1808)
0 145
cob=(2)
cfi=(193)
cfn=(1636)
calls=5 3359 
0 515
0 20
cfn=(1810)
calls=5 0 
0 540
0 50

fn=(1812)
0 12
cob=(2)
cfi=(193)
cfn=(1636)
calls=1 3359 
0 85
0 12
cfn=(1768)
calls=1 0 
0 1523
0 6
cob=(2)
cfi=(193)
cfn=(1636)
calls=1 3359 
0 85
0 11

fn=(1532)
0 34
cob=(2)
cfi=(267)
cfn=(1534)
calls=1 27 
0 57
0 5
cob=(2)
cfi=(270)
cfn=(1542)
calls=1 30 
0 120
0 4
cob=(2)
cfi=(219)
cfn=(1296)
calls=1 32 
0 58
0 7
cob=(2)
cfi=(274)
cfn=(1552)
calls=1 23 
0 3
0 3
cob=(2)
cfi=(275)
cfn=(1554)
calls=1 33 
0 480204
0 10
cob=(2)
cfi=(295)
cfn=(1668)
calls=1 24 
0 9
0 6
cob=(2)
cfi=(251)
cfn=(1424)
calls=1 26 
0 191
0 58
cob=(2)
cfi=(273)
cfn=(1548)
calls=1 26 
0 59
0 8
cfn=(1670)
calls=1 0 
0 248
0 6
cfn=(1676)
calls=1 0 
0 522
0 8
cob=(2)
cfi=(273)
cfn=(1548)
calls=1 26 
0 60
0 4
cob=(2)
cfi=(273)
cfn=(1548)
calls=1 26 
0 59
0 12
cob=(2)
cfi=(273)
cfn=(1548)
calls=1 26 
0 60
0 6
cfn=(1684)
calls=1 0 
0 59506

fn=(1686)
0 2
cfn=(1688)
calls=1 0 
0 59501

fn=(1700)
0 207
cfn=(1694)
calls=9 0 
0 1935
0 81

fn=(1738)
0 16

fn=(1772)
0 66

fn=(1798)
0 105
cob=(2)
cfi=(193)
cfn=(1636)
calls=7 3359 
0 625
0 65
cob=(2)
cfi=(193)
cfn=(1636)
calls=1 3359 
0 115
0 166
cob=(2)
cfi=(193)
cfn=(1636)
calls=6 3359 
0 658
0 22
cob=(2)
cfi=(193)
cfn=(1636)
calls=4 3359 
0 430
0 60
cob=(2)
cfi=(193)
cfn=(1636)
calls=2 3359 
0 230
0 84
cfn=(1800)
calls=7 0 
0 147

ob=(3)
fl=(153)
fn=(478)
27 1
fi=(142) ./math/../sysdeps/x86_64/fpu/multiarch/ifunc-fma.h
+2 4
+1 3
fe=(153)
-3 1

fl=(146)
fn=(454)
34 1
fi=(144) ./math/../sysdeps/x86_64/fpu/multiarch/ifunc-avx-fma4.h
-2 5
+1 2
fe=(146)
+1 1

fn=(516)
27 1
fi=(144)
+5 5
+1 2
fe=(146)
-6 1

fl=(158)
fn=(498)
49 6

fl=(141)
fn=(442)
26 1
fi=(142)
+3 4
+1 3
fe=(141)
-4 1

fl=(145)
fn=(450)
27 3
fi=(142)
+2 12
+1 9
fe=(145)
-3 3

fl=(151)
fn=(474)
27 1
fi=(152) ./math/../sysdeps/x86_64/fpu/multiarch/ifunc-fma4.h
+4 4
+1 2
fe=(151)
-5 1

fl=(157)
fn=(494)
26 1
fi=(142)
+3 4
+1 3
fe=(157)
-4 1

fl=(150)
fn=(470)
30 1
fi=(142)
-1 4
+1 4
fe=(150)

fl=(161)
fn=(512)
26 1
fi=(144)
+6 5
+1 2
fe=(161)
-7 1

fl=(156)
fn=(500)
27 1
fi=(152)
+4 4
+1 2
fe=(156)
-5 1

fn=(490)
35 1
fi=(152)
-4 4
+1 2
+3 1
fe=(156)

fl=(149)
fn=(466)
26 1
fi=(142)
+3 4
+1 3
fe=(149)
-4 1

fl=(148)
fn=(462)
27 1
fi=(142)
+2 4
+1 3
fe=(148)
-3 1

fl=(159)
fn=(504)
26 1
fi=(142)
+3 4
+1 3
fe=(159)
-4 1

fl=(147)
fn=(458)
27 1
fi=(142)
+2 4
+1 3
fe=(147)
-3 1

fl=(154)
fn=(482)
26 1
fi=(142)
+3 4
+1 3
fe=(154)
-4 1

fl=(183)
fn=(606)
0 12

fl=(143)
fn=(446)
27 1
fi=(144)
+5 5
+1 2
fe=(143)
-6 1

fl=(160)
fn=(508)
27 1
fi=(142)
+2 4
+1 3
fe=(160)
-3 1

fl=(162)
fn=(520)
26 1
fi=(152)
+5 4
+1 2
fe=(162)
-6 1

fl=(155)
fn=(486)
27 1
fi=(144)
+5 5
+1 2
fe=(155)
-6 1

totals: 9872701
